id,especie,nome_comum,grupo,ciclo,altura_min,altura_max,habito,origem,precipitacao_min,precipitacao_max,temp_min,temp_max,tolerancia_seca,tolerancia_encharcamento,tolerancia_frio_geada,tolerancia_sombra,tropical,cerrado,subtropical,subtropical_secundario,temperado,subtropical_quente,subtropical_de_altitude,subtropical_umido,subtropical_frio,quente,chuvoso,semiarido,subtropical_semiarido,tropical_altitude,estacao_fria,quente_umido,tropical_umido,temperado_frio,temperado_medio,regioes_frias,tolerancia_acidez,ph_min,ph_max,tolerancia_aluminio,exigencia_fertilidade,drenagem_solo,textura_solo,controle_plantas_daninhas,controle_plantas_pragas_doencas,profundidade_raiz_min,profundidade_raiz_max,produtividade_minima_ms,produtividade_maxima_ms,proteina_min,proteina_max,digestibilidade,biomassa_min,biomassa_max,tolerancia_pastejo,rebrota,persistencia,pastejo,pastagem,consorcio,cobertura_solo,recuperacao_area_degradadas,sistemas_agroflorestais,fenacao,integracao_lavoura_pecuaria,rotacao_culturas,reforma_canaviais,plantio_direto,ILPF,culturas_perenes,fitorremediacao,alimentacao_animal,silagem,capineiras,quebra_vento,consorcio_milho,adubacao_verde,cobertura_vegetal,controle_erosao,controle_nematoides,consorcio_perenes,recuperacao_solos,forragem,preenchimento_devazio_forrageiro,alimentacao_humana,banco_proteinas,producao_oleo,biomassa,rotacao_milho,consorcio_gramineas,reforma_pastagem,graos,sucessao_culturas,consorcio_forrageiras,controle_ervadaninha,controle de nematoides,diversificacao_biologica,aumento_materia_organica ,forragem_ruminantes,incremento_materia_organica,ciclagem_nutrientes,sucessao_milho,sucessao_soja,sucessao_algodao,sucessao_feijao,algodao,mucuna,guandu,cobertura_permanente,forragem_frescca,feno,melhoria_fertilidade_solo,geracao_palhada,consorcio_leguminosas,rotacao_cultura_solos_pobres_acidos,rotacao_cultura_inverno,melhoria_estrutura_solo,descompactacao_solo,protecao_solo,melhoria_quimica_solo,melhoria_fisica_biologica,conservacao_solo,cobertura_morta_SPD,cobertura_inverno,reciclagem_nutrientes,equilibrio_microbiologico_solo,antecessora_milho,forragem_inverno,rotacao_leguminosas,ciclagem_nutrientes,incorporacao_materia_organica,biodisel,racao_animal,controle_doencas_radiculares,producao_graos_malteacao,cultivo_entrelinhas_frutiferas,planta_cobertura,fornecimento_nitrogenio,triticale,crotalaria,graos_seco_alimentacao_animal,forragem_verde,pastejo_consorciado_gramineas,rotacao_soja,rotacao_feijao,rotacao_algodao,controle_biologico_compactacao_solo,materiaprima_biocombustivel,recuperacao_solos_compactados,recuperacao_solos_baixa_retencaohidrica,consorcio_aveia,consorcio_nabo_forrageiro,consorcio_triticale,fornecimento_p_solo,pastejo_direto,fixacao_biologica_nitrogenio,quebra_ciclo_patogenos_leguminosas,quebra_ciclo_patogenos_hortalica,altenativa_milho_regioes_frias,rotacao_cevada,rotacao_trigo,rotacao_centeio,rotacao_triticale,melhoria_estrutura_areacao_solo,aumento_ciclagem_disponibilidade_ N,corte_verde,forragem_pastejo,uso_desmama,uso_maternidade,pre-secado,producao_sementes,recuperacao_pastagem,farinha,revegetacao_areas_contaminadas,producao_fibras,atracao_polinizadores,controle_biologico,medicina_popular,aumento_proteina_pastagem,pecuaria_leiteira,pecuaria_corte,pastagem_consorciada,pastagens_inverno,ovinos,equinos
1,Arachis pintoi,Amendoin forrageiro,leguminosa,perene,0.1,0.3,rasteiro,brasil,1000,NA,NA,NA,moderada,baixa,moderada,alta,1,1,1,0,0,0,0,0,0,0,0,0,0,0,0,0,0,0,0,0,alta,4.5,6.5,alta,media,bem drenado,arenoso-argiloso,sim,NA,0.2,0.6,20,NA,20,NA,65,40,40,media,media,alta,0,1,1,1,1,1,0,0,0,0,0,0,0,0,0,0,0,0,0,0,0,0,0,0,0,0,0,0,0,0,0,0,0,0,0,0,0,0,0,0,0,0,0,0,0,0,0,0,0,0,0,0,0,0,0,0,0,0,0,0,0,0,0,0,0,0,0,0,0,0,0,0,0,0,0,0,0,0,0,0,0,0,0,0,0,0,0,0,0,0,0,0,0,0,0,0,0,0,0,0,0,0,0,0,0,0,0,0,0,0,0,0,0,0,0,0,0,0,0,0,0,0,0,0,0,0,0,0
2,Andropogon gayanus,Andropogon,graminea,perene,1.5,3,cespitoso,Africa,500,2000,18,28,alta,baixa,baixa,baixa,1,0,0,0,0,0,0,0,0,0,0,0,0,0,0,0,0,0,0,0,alta,4.0,5.5,moderada,baixa,bem drenado,"arenoso, franco-argiloso",NA,sim,1.5,0.2,5,15,3.4,9.7,53,20,30,alta,alta,alta,0,1,1,0,1,0,1,1,0,0,0,0,0,0,0,1,0,0,0,0,0,0,0,0,0,0,0,0,0,0,0,0,0,0,0,0,0,0,0,0,0,0,0,0,0,0,0,0,0,0,0,0,0,1,0,0,0,0,0,0,0,0,0,0,0,0,0,0,0,0,0,0,0,0,0,0,0,0,0,0,0,0,0,0,0,0,0,0,0,0,0,0,0,0,0,0,0,0,0,0,0,0,0,0,0,0,0,0,0,0,0,0,0,0,0,0,0,0,0,0,0,0,0,0,0,0,0,0
3,Urochloa brizantha,Braquiárias,graminea,perene,1.0,1.8,cespitoso,Africa Equatorial,700,2500,28,38,alta,baixa,baixa,baixa,1,0,0,0,0,0,0,0,0,0,0,0,0,0,0,0,0,0,0,0,moderada,4.0,6.5,alta,alta,bem drenado,medio-argiloso,sim,sim,1.0,1.5,8,20,12,NA,55,12,27,alta,media,alta,1,1,0,1,0,0,0,1,1,0,0,0,0,0,0,1,0,0,0,0,0,0,0,0,0,0,0,0,0,0,0,0,0,0,0,0,0,0,0,0,0,0,0,0,0,0,0,0,0,0,0,0,0,0,0,0,1,0,0,0,0,0,0,0,0,0,0,0,0,0,0,0,0,0,0,0,0,0,0,0,0,0,0,0,0,0,0,0,0,0,0,0,0,0,0,0,0,0,0,0,0,0,0,0,0,0,0,0,0,0,0,0,0,0,0,0,0,0,0,0,0,0,0,0,0,0,0,0
4,Urochloa decumbens,Braquiárias,graminea,perene,0.5,1.5,rasteiro,Africa Equatorial,870,NA,20,32,moderada,moderada,alta,moderada,1,0,0,0,0,0,0,0,0,0,0,0,0,0,0,0,0,0,0,0,alta,4.0,5.5,alta,media,não tolera solos encharcados,NA,sim,sim,1.0,1.5,12,15,4.3,13.5,55,20,30,alta,media,alta,0,1,0,1,0,0,0,0,0,1,0,0,0,0,0,0,0,0,0,0,0,0,0,0,0,0,0,0,0,0,0,0,0,0,0,0,0,0,0,0,0,0,0,0,0,0,0,0,0,0,0,0,0,0,0,0,0,0,0,0,0,0,0,0,0,0,0,0,0,0,0,0,0,0,0,0,0,0,0,0,0,0,0,0,0,0,0,0,0,0,0,0,0,0,0,0,0,0,0,0,0,0,0,0,0,0,0,0,0,0,0,0,0,0,0,0,0,0,0,0,0,0,0,0,0,0,0,0
5,Urochloa ruziziensis,Braquiárias,graminea,perene,0.5,1.5,semi-ereto,Africa Equatorial,870,NA,28,38,moderada,baixa,baixa a media,moderada,1,0,0,0,0,0,0,0,0,0,0,0,0,0,0,0,0,0,0,0,baixa,4.9,7.0,moderada,alta,bem drenado,leve a muito pesado,sim,NA,0.8,1.2,12,16,12,"14,6",55,20,40,media,media,media (semiperene),0,0,0,1,0,0,0,1,0,0,1,0,0,0,0,0,0,0,0,0,0,0,0,0,0,0,0,0,0,0,0,0,0,0,0,0,0,0,0,0,0,0,0,0,0,0,0,0,0,0,0,0,0,0,0,0,0,0,0,0,0,0,0,0,0,0,0,0,0,0,0,0,0,0,0,0,0,0,0,0,0,0,0,0,0,0,0,0,0,0,0,0,0,0,0,0,0,0,0,0,0,0,0,0,0,0,0,0,0,0,0,0,0,0,0,0,0,0,0,0,0,0,0,0,0,0,0,0
7,Pennisetum purpureum,Capim elefante,graminea,perene,0.8,6,cespitoso,Africa,800,4000,18,30,moderada,baixa,baixa,baixa,1,0,0,0,0,0,0,0,0,0,0,0,0,0,0,0,0,0,0,0,baixa,5.0,7.5,baixa,alta,bem drenado,medio-argiloso,alta,baixa,0.2,3.0,20,50,15,NA,55,150,200,media,alta,alta,1,0,0,1,0,0,0,0,1,0,0,0,0,0,1,1,1,1,0,0,0,0,0,0,0,0,0,0,0,0,0,0,0,0,0,0,0,0,0,0,0,0,0,0,0,0,0,0,0,0,0,0,0,0,0,0,0,0,0,0,0,0,0,0,0,0,0,0,0,0,0,0,0,0,0,0,0,0,0,0,0,0,0,0,0,0,0,0,0,0,0,0,0,0,0,0,0,0,0,0,0,0,0,0,0,0,0,0,0,0,0,0,0,0,0,0,0,0,0,0,0,0,0,0,0,0,0,0
8,Eleusine coracana,capim-pé-de-galinha-gigante,graminea,anual,0.5,1.2,ereto,Africa Oriental ,1000,NA,11,27,moderada,baixa,media,baixa,1,0,1,0,0,0,0,0,0,0,0,0,0,0,0,0,0,0,0,0,NA,5,8.2,NA,alta,bem drenado,NA,NA,NA,0.2,0.3,7.4,12.6,12,NA,65,25,40,alta,media,baixa,0,1,0,1,0,0,0,1,1,0,0,0,0,0,0,0,0,0,1,0,0,0,0,0,0,0,0,0,0,0,0,0,0,0,0,0,0,0,0,0,0,0,0,0,0,0,0,0,0,0,0,0,0,0,0,0,0,0,0,0,0,0,0,0,0,0,0,0,0,0,0,0,0,0,0,0,0,0,0,0,0,0,0,0,0,0,0,0,0,0,0,0,0,0,0,0,0,0,0,0,0,0,0,0,0,0,0,0,0,0,0,0,0,0,0,0,0,0,0,0,0,0,0,0,0,0,0,0
9,Sorghum sudanense,Capim -Sudão,graminea,anual,0.5,1.5,ereto,Africa,350,700,11,34,alta,baixa,muito baixa,baixa,1,0,0,1,0,0,0,0,0,0,0,0,0,0,0,0,0,0,0,0,moderada,5.0,7.5,moderada,media,bem drenado,arenoso-medio,alto,moderada,1.5,2.5,15,20,15,NA,65,30,50,alta,alta,baixa,0,0,0,1,0,0,0,0,0,0,0,0,0,0,1,0,0,0,0,1,0,0,0,0,0,0,0,0,0,0,0,0,0,0,0,0,0,0,0,0,0,0,0,0,0,0,0,0,0,0,0,0,0,0,0,0,0,0,0,0,0,0,0,0,0,0,0,0,0,0,0,0,0,0,0,0,0,0,0,0,0,0,0,0,0,0,0,0,0,0,0,0,0,0,0,0,0,0,0,0,0,0,0,0,0,0,0,0,0,0,0,0,0,0,0,0,0,0,0,0,0,0,0,0,0,0,0,0
10,Crotalaria breviflora,Crotalária Breviflora,leguminosa,anual ,0.6,1.5,arbustivo,India,NA,NA,NA,NA,moderada,baixa,muito baixa,moderada,1,0,1,0,0,0,0,0,0,0,0,0,0,0,0,0,0,0,0,0,moderada,4.5,6.5,moderada,media,boa,arenoso-medio,alta,alta,1.0,1.8,3,5,NA,NA,NA,15,20,NA,NA,baixa,0,0,0,0,0,0,0,0,1,0,0,0,0,0,0,0,0,0,0,1,1,0,0,0,0,0,0,0,0,0,0,0,0,0,0,0,0,0,0,0,0,0,0,0,0,0,0,0,0,0,0,0,0,0,0,0,0,0,0,0,0,0,0,0,0,0,0,0,0,0,0,0,0,0,0,0,0,0,0,0,0,0,0,0,0,0,0,0,0,0,0,0,0,0,0,0,0,0,0,0,0,0,0,0,0,0,0,0,0,0,0,0,0,0,0,0,0,0,0,0,0,0,0,0,0,0,0,0
11,Crotalaria juncea,Crotalária Júncea,leguminosa,anual ,1.0,3.0,arbustivo,India,800,NA,NA,NA,alta,baixa,baixa,moderada,1,0,1,0,0,0,0,0,0,0,0,0,0,0,0,0,0,0,0,0,moderada,5.0,7.5,moderada,media,boa,arenoso-medio,alta,alta,1.5,2.5,10,15,NA,NA,NA,20,30,nao_aplicavel,NA,baixa,0,0,0,0,0,0,0,0,1,0,0,0,0,0,0,0,0,0,0,1,1,1,1,1,0,0,0,0,0,0,0,0,0,0,0,0,0,0,0,0,0,0,0,0,0,0,0,0,0,0,0,0,0,0,0,0,0,0,0,0,0,0,0,0,0,0,0,0,0,0,0,0,0,0,0,0,0,0,0,0,0,0,0,0,0,0,0,0,0,0,0,0,0,0,0,0,0,0,0,0,0,0,0,0,0,0,0,0,0,0,0,0,0,0,0,0,0,0,0,0,0,0,0,0,0,0,0,0
12,Crotalaria ochroleuca,Crotalária Ocroleuca,leguminosa,anual,1.0,2.5,arbustivo,Africa,NA,NA,NA,NA,alta,baixa,baixa,moderada,1,0,1,0,0,0,0,0,0,0,0,0,0,0,0,0,0,0,0,0,alta,4.5,6.5,alta,baixa,boa,arenoso,alta,alta,1.2,2.0,7,10,NA,NA,NA,20,30,nao_aplicavel,NA,baixa,0,0,0,1,0,0,0,0,1,0,0,0,0,0,0,0,0,0,0,1,0,0,1,0,1,0,0,0,0,0,0,0,0,0,0,0,0,0,0,0,0,0,0,0,0,0,0,0,0,0,0,0,0,0,0,0,0,0,0,0,0,0,0,0,0,0,0,0,0,0,0,0,0,0,0,0,0,0,0,0,0,0,0,0,0,0,0,0,0,0,0,0,0,0,0,0,0,0,0,0,0,0,0,0,0,0,0,0,0,0,0,0,0,0,0,0,0,0,0,0,0,0,0,0,0,0,0,0
13,Crotalaria spectabilis,Crotalária Spectabilis,leguminosa,anual,1,2.5,arbustivo,America do Sul e América do Norte,800,NA,NA,NA,alta,baixa,baixa,moderada,1,0,1,0,0,0,0,0,0,0,0,0,0,0,0,0,0,0,0,0,moderada,5.0,7.0,moderada,media,boa,medio,alta,alta,1.2,2.0,10,15,NA,NA,NA,20,30,toxica,NA,baixa,0,0,0,1,0,0,0,0,1,0,0,0,0,0,0,0,0,0,1,1,0,0,1,0,0,0,0,0,0,0,0,0,0,0,0,0,0,0,0,0,0,0,0,0,0,0,0,0,0,0,0,0,0,0,0,0,0,0,0,0,0,0,0,0,0,0,0,0,0,0,0,0,0,0,0,0,0,0,0,0,0,0,0,0,0,0,0,0,0,0,0,0,0,0,0,0,0,0,0,0,0,0,0,0,0,0,0,0,0,0,0,0,0,0,0,0,0,0,0,0,0,0,0,0,0,0,0,0
14,Zea mays subsp. mexicana,Dente de Burro,graminea,anual,1.5,4.0,cespitoso,Americas,NA,NA,18,NA,moderada,moderada,baixa,baixa,0,0,0,0,0,0,0,0,0,1,1,0,0,0,0,0,0,0,0,0,baixa,5.5,7.5,baixa,alta,boa,medio-argiloso,moderado,baixa,1.0,1.8,4,6,NA,NA,NA,20,30,media,media,baixa,0,0,0,0,0,0,0,0,0,0,0,0,0,0,1,0,0,0,0,0,0,0,0,0,0,1,1,0,0,0,0,0,0,0,0,0,0,0,0,0,0,0,0,0,0,0,0,0,0,0,0,0,0,0,0,0,0,0,0,0,0,0,0,0,0,0,0,0,0,0,0,0,0,0,0,0,0,0,0,0,0,0,0,0,0,0,0,0,0,0,0,0,0,0,0,0,0,0,0,0,0,0,0,0,0,0,0,0,0,0,0,0,0,0,0,0,0,0,0,0,0,0,0,0,0,0,0,0
15,Canavalia ensiformis,Feijão de Porco,leguminosa,anual,0.5,1.5,ereto,America Central,NA,NA,28,38,alta,baixa,baixa,moderada,1,0,1,0,0,0,0,0,0,0,0,0,0,0,0,0,0,0,0,0,alta,4.5,7.5,alta,baixa,boa,arenoso-medio,alta,alta,1.5,3.0,5,8,NA,NA,NA,35,60,nao_aplicavel,media,baixa,0,0,1,0,0,0,0,0,1,0,0,0,0,0,0,0,0,0,0,1,1,0,0,0,0,0,0,0,0,0,0,0,0,0,0,0,0,0,0,0,0,0,0,0,0,0,0,0,0,0,0,0,0,0,0,0,0,0,0,0,0,0,0,0,0,0,0,0,0,0,0,0,0,0,0,0,0,0,0,0,0,0,0,0,0,0,0,0,0,0,0,0,0,0,0,0,0,0,0,0,0,0,0,0,0,0,0,0,0,0,0,0,0,0,0,0,0,0,0,0,0,0,0,0,0,0,0,0
16,Cajanus cajan(anao),Feijão Guandu Anão,leguminosa,semi-perene,1.0,4.0,arbustivo,Africa/ Asia,NA,NA,18,30,alta,baixa,NA,moderada,1,0,1,0,0,0,0,0,0,0,0,0,0,0,0,0,0,0,0,0,alta,4.5,7.0,alta,baixa,boa,arenoso-medio,alta,moderada,1.0,2.0,3,12,NA,NA,NA,12,45,media,alta,media,0,0,0,0,0,0,0,0,0,0,0,0,0,0,1,0,0,0,0,1,0,0,0,0,1,0,0,1,1,0,0,0,0,0,0,0,0,0,0,0,0,0,0,0,0,0,0,0,0,0,0,0,0,0,0,0,0,0,0,0,0,0,0,0,0,0,0,0,0,0,0,0,0,0,0,0,0,0,0,0,0,0,0,0,0,0,0,0,0,0,0,0,0,0,0,0,0,0,0,0,0,0,0,0,0,0,0,0,0,0,0,0,0,0,0,0,0,0,0,0,0,0,0,0,0,0,0,0
17,Cajanus cajan(arboreo),Feijão Guandu Arbóreo,leguminosa,semi-perene,2,3,arbustivo,Africa/Asia,NA,NA,18,30,alta,baixa,NA,moderada,1,0,1,0,0,0,0,0,0,0,0,0,0,0,0,0,0,0,0,0,alta,4.5,7.5,alta,baixa,boa,arenoso-medio,alta,moderada,2.0,3.0,4.5,9,20,NA,NA,15,30,media,alta,alta,0,0,0,0,0,0,0,0,0,0,0,0,0,0,1,0,0,0,0,1,0,0,0,0,1,0,0,1,1,0,0,0,0,0,0,0,0,0,0,0,0,0,0,0,0,0,0,0,0,0,0,0,0,0,0,0,0,0,0,0,0,0,0,0,0,0,0,0,0,0,0,0,0,0,0,0,0,0,0,0,0,0,0,0,0,0,0,0,0,0,0,0,0,0,0,0,0,0,0,0,0,0,0,0,0,0,0,0,0,0,0,0,0,0,0,0,0,0,0,0,0,0,0,0,0,0,0,0
18,Helianthus annuus,Girassol,oleaginosa,anual,1.0,3.0,arbustivo,Americas (Peru e América do Norte),NA,NA,NA,NA,alta,baixa,NA,baixa,1,0,1,0,0,0,0,0,0,0,0,0,0,0,0,0,0,0,0,0,baixa,5.0,7.5,baixa,media,bem drenado,NA,NA,NA,1.5,3.0,7,15,NA,NA,NA,40,70,baixa,baixa,baixa,0,0,0,0,0,0,0,0,1,0,0,0,0,0,0,0,0,0,0,0,0,0,0,0,0,0,0,0,0,1,1,0,0,0,0,0,0,0,0,0,0,0,0,0,0,0,0,0,0,0,0,0,0,0,0,0,0,0,0,0,0,0,0,0,0,0,0,0,0,0,0,0,0,0,0,0,0,0,0,0,0,0,0,0,0,0,0,0,0,0,0,0,0,0,0,0,0,0,0,0,0,0,0,0,0,0,0,0,0,0,0,0,0,0,0,0,0,0,0,0,0,0,0,0,0,0,0,0
19,Dolichos lablab,Lab-lab,leguminosa,anual ,0.5,3.0,trepador,Africa ,NA,NA,22,28,moderada,baixa,baixa,moderada,1,0,1,0,0,0,0,0,0,0,0,0,0,0,0,0,0,0,0,0,alta,4.5,7.5,moderada,media,boa,arenoso-medio,alta,moderada,1.0,2.0,3,9,20,NA,65,15,30,alta,media,baixa,0,0,1,0,0,0,0,0,0,0,0,0,0,0,0,0,0,0,0,1,0,0,0,0,0,1,0,0,0,0,0,1,0,0,0,0,0,0,0,0,0,0,0,0,0,0,0,0,0,0,0,0,0,0,0,0,0,0,0,0,0,0,0,0,0,0,0,0,0,0,0,0,0,0,0,0,0,0,0,0,0,0,0,0,0,0,0,0,0,0,0,0,0,0,0,0,0,0,0,0,0,0,0,0,0,0,0,0,0,0,0,0,0,0,0,0,0,0,0,0,0,0,0,0,0,0,0,0
20,Leucaena leucocephala,Leucena,leguminosa,perene,2.0,8.0,arbustivo,America Central,600,NA,25,35,alta,baixa,baixa,moderada,1,0,1,0,0,0,0,0,0,0,0,0,0,0,0,0,0,0,0,0,baixa,5.0,8.0,media,alta,bem drenado,NA,NA,NA,2.0,5.0,1,15,20,NA,65,30,NA,alta,alta,alta,0,0,0,0,0,0,0,0,0,0,0,0,0,0,0,0,0,0,0,0,0,1,0,0,1,1,0,0,0,0,0,0,1,0,0,0,0,0,0,0,0,0,0,0,0,0,0,0,0,0,0,0,0,0,0,0,0,0,0,0,0,0,0,0,0,0,0,0,0,0,0,0,0,0,0,0,0,0,0,0,0,0,0,0,0,0,0,0,0,0,0,0,0,0,0,0,0,0,0,0,0,0,0,0,0,0,0,0,0,0,0,0,0,0,0,0,0,0,0,0,0,0,0,0,0,0,0,0
21,Pennisetum glaucum,Milheto,graminea,anual,1.0,4.0,cespitoso,Africa,NA,NA,NA,NA,alta,baixa,NA,baixa,1,0,1,0,0,0,0,0,0,0,0,0,0,0,0,0,0,0,0,0,alta,4.5,7.5,alta,media,boa,arenoso,alta,moderada,1.5,3.0,6,20,7,20,"60,5",50,60,media,media,baixa,1,0,0,1,0,0,0,0,0,0,0,0,0,0,0,0,0,0,0,0,0,0,0,0,0,1,0,0,0,0,0,0,0,1,0,0,0,0,0,0,0,0,0,0,0,0,0,0,0,0,0,0,0,0,0,0,0,0,0,0,0,0,0,0,0,0,0,0,0,0,0,0,0,0,0,0,0,0,0,0,0,0,0,0,0,0,0,0,0,0,0,0,0,0,0,0,0,0,0,0,0,0,0,0,0,0,0,0,0,0,0,0,0,0,0,0,0,0,0,0,0,0,0,0,0,0,0,0
22,Zea mays,Milho,graminea,anual,1.0,4.0,ereto,America Central,600,NA,22,28,moderada,baixa,baixa,baixa,1,0,1,0,0,0,0,0,0,0,0,0,0,0,0,0,0,0,0,0,baixa,5.5,7.5,baixa,alta,boa,medio-argiloso,moderada,baixa,1.0,2.0,5,20,16,NA,60,31,44,baixa,baixa,baixa,0,0,0,0,0,0,0,0,1,0,0,0,0,0,1,1,0,0,0,0,0,0,0,0,0,0,0,1,0,0,0,0,0,0,1,1,1,0,0,0,0,0,0,0,0,0,0,0,0,0,0,0,0,0,0,0,0,0,0,0,0,0,0,0,0,0,0,0,0,0,0,0,0,0,0,0,0,0,0,0,0,0,0,0,0,0,0,0,0,0,0,0,0,0,0,0,0,0,0,0,0,0,0,0,0,0,0,0,0,0,0,0,0,0,0,0,0,0,0,0,0,0,0,0,0,0,0,0
23,Mucuna cinereum,Mucuna Cinza,leguminosa,anual,0.5,3.0,trepador,India / Asia tropical,NA,NA,28,38,moderada,NA,NA,moderada,1,0,0,0,0,0,0,0,0,0,0,0,0,0,0,0,0,0,0,0,alta,4.5,6.5,moderada,baixa,boa,arenoso,alta,alta,1.0,2.0,7,8,NA,NA,NA,40,50,nao_aplicavel,nula,baixa,0,0,0,1,0,0,0,0,0,0,0,0,0,0,0,0,0,0,0,1,0,0,0,0,0,0,0,0,0,0,0,0,0,0,0,0,0,1,0,0,0,0,0,0,0,0,0,0,0,0,0,0,0,0,0,0,0,0,0,0,0,0,0,0,0,0,0,0,0,0,0,0,0,0,0,0,0,0,0,0,0,0,0,0,0,0,0,0,0,0,0,0,0,0,0,0,0,0,0,0,0,0,0,0,0,0,0,0,0,0,0,0,0,0,0,0,0,0,0,0,0,0,0,0,0,0,0,0
24,Mucuna aterrima,MucunaPreta,leguminosa,anual,0.5,3,trepador,Africa,800,1500,20,35,alta,baixa,baixa,baixa,1,0,1,0,0,0,0,0,0,0,0,0,0,0,0,0,0,0,0,0,alta,4.5,6.5,moderada,baixa,boa,arenoso-medio,alta,alta,1.0,2.5,6,9,18,25,60,40,50,baixa,alta,media,0,0,0,1,1,0,0,0,0,0,0,0,0,0,0,0,0,0,0,1,0,0,0,0,0,0,0,0,0,0,0,0,0,0,0,0,0,0,0,0,0,0,0,0,0,0,0,0,0,0,0,0,0,0,0,0,0,0,0,0,0,0,0,0,0,0,0,0,0,0,0,0,0,0,0,0,0,0,0,0,0,0,0,0,0,0,0,0,0,0,0,0,0,0,0,0,0,0,0,0,0,0,0,0,0,0,0,0,0,0,0,0,0,0,0,0,0,0,0,0,0,0,0,0,0,0,0,0
25,Mucuna pruriens,MucunaVerde,leguminosa,anual,0.5,2,trepador,Africa,800,1500,20,35,alta,baixa,NA,Baixa,1,0,1,0,0,0,0,0,0,0,0,0,0,0,0,0,0,0,0,0,alta,4.5,6.5,moderada,baixa,boa,arenoso,sim,SIM,1.0,2.0,6,8,18,22,60,35,50,baixa,media,baixa,0,0,0,1,0,0,0,0,1,0,0,0,0,0,0,0,0,0,0,1,,0,0,0,0,0,0,0,0,0,0,0,0,0,0,0,0,1,1,0,0,0,0,0,0,0,0,0,0,0,0,0,0,0,0,0,0,0,0,0,0,0,0,0,0,0,0,0,0,0,0,0,0,0,0,0,0,0,0,0,0,0,0,0,0,0,0,0,0,0,0,0,0,0,0,0,0,0,0,0,0,0,0,0,0,0,0,0,0,0,0,0,0,0,0,0,0,0,0,0,0,0,0,0,0,0,0,0
26,Guizotia abyssinica,Níger,oleaginosa,anual,0.5,2.0,ereto,Africa,600,1200,15,23,moderada,alta,NA,baixa,1,0,0,0,1,0,0,0,0,0,0,0,0,0,0,0,0,0,0,0,moderada,5.0,7.5,moderada,baixa,boa,argiloso/arenoso,moderada,baixa,1.0,1.8,8,NA,15,18,45,50,NA,baixa,nula,baixa,0,0,0,1,0,0,0,0,0,0,0,0,0,0,1,0,0,0,0,1,0,0,0,0,0,0,0,0,0,1,0,0,0,0,0,0,0,1,0,1,1,0,0,0,0,0,0,0,0,0,0,0,0,0,0,0,0,0,0,0,0,0,0,0,0,0,0,0,0,0,0,0,0,0,0,0,0,0,0,0,0,0,0,0,0,0,0,0,0,0,0,0,0,0,0,0,0,0,0,0,0,0,0,0,0,0,0,0,0,0,0,0,0,0,0,0,0,0,0,0,0,0,0,0,0,0,0,0
27,Panicum miliaceum,Painço,graminea,anual,0.5,1.5,ereto,Asia,200,450,25,35,alta,baixa,baixa,baixa,1,0,0,0,0,1,0,0,0,0,0,1,0,0,0,0,0,0,0,0,moderada,5.0,7.5,baixa ,baixa,boa,arenoso-medio,moderada,baixa,1.0,1.5,8,10,9,13,55,NA,NA,baixa,nula,baixa,0,0,0,1,0,0,0,0,0,0,0,0,0,0,1,0,0,0,0,1,0,0,0,0,0,0,0,0,0,0,0,0,0,0,0,0,0,1,0,1,1,0,0,0,0,0,0,0,0,0,0,0,0,0,0,0,0,0,0,0,0,0,0,0,0,0,0,0,0,0,0,0,0,0,0,0,0,0,0,0,0,0,0,0,0,0,0,0,0,0,0,0,0,0,0,0,0,0,0,0,0,0,0,0,0,0,0,0,0,0,0,0,0,0,0,0,0,0,0,0,0,0,0,0,0,0,0,0
28,Pueraria phaseoloides (Puerária),Puerária,leguminosa,perene,0.3,1,trepador,Asia,1200,NA,20,40,Moderada ,moderada,NA,moderada,1,0,0,0,0,0,0,1,0,0,0,0,0,0,0,0,0,0,0,0,alta,4.0,6.5,alta,baixa,NA,arenoso a argiloso,sim,NA,1.5,2.5,4,8,14,18,65,40,NA,media,alta,alta,0,0,0,0,0,0,0,0,0,0,0,0,0,0,0,0,0,0,0,1,1,1,0,0,1,0,0,0,0,0,0,0,1,0,0,0,0,0,0,0,0,1,1,1,0,0,0,0,0,0,0,0,0,0,0,0,0,0,0,0,0,0,0,0,0,0,0,0,0,0,0,0,0,0,0,0,0,0,0,0,0,0,0,0,0,0,0,0,0,0,0,0,0,0,0,0,0,0,0,0,0,0,0,0,0,0,0,0,0,0,0,0,0,0,0,0,0,0,0,0,0,0,0,0,0,0,0,0
29,Glycine max,Soja,leguminosa,anual,0.5,1.5,ereto,Asia,200,450,25,35,Alta ,baixa,NA,baixa,1,0,0,0,0,1,0,0,0,0,0,1,0,0,0,0,0,0,0,0,baixa,5.5,7.0,baixa,alta,bem drenado,media,NA,NA,1.0,2.0,2,5,9,13,55,17,NA,baixa,nula,baixa,0,0,0,0,0,0,0,0,0,0,0,0,0,0,0,0,0,0,0,1,0,0,0,0,0,0,0,0,0,0,0,1,0,0,0,0,0,0,0,0,0,0,0,0,1,0,0,0,1,1,1,0,0,0,0,0,0,0,0,0,0,0,0,0,0,0,0,0,0,0,0,0,0,0,0,0,0,0,0,0,0,0,0,0,0,0,0,0,0,0,0,0,0,0,0,0,0,0,0,0,0,0,0,0,0,0,0,0,0,0,0,0,0,0,0,0,0,0,0,0,0,0,0,0,0,0,0,0
31,Sorghum bicolor,Sorgo,graminea,anual,1,3,arbustivo,Africa e parte da Asia,400,800,17,37,Alta,baixa,baixa,baixa,1,0,0,0,0,0,0,0,0,0,0,0,1,0,0,0,0,0,0,0,alta,5.0,8.0,alta,baixa,boa,arenoso-argiloso,alta,moderada,1.5,2.5,9,12,8,12,55,30,50,media,alta,media,0,0,0,1,0,0,0,0,0,0,0,0,0,0,0,0,0,0,0,1,0,0,0,0,1,1,0,0,0,0,0,0,0,0,1,0,0,0,0,0,0,0,0,0,0,0,0,0,0,0,0,0,0,0,0,1,1,0,0,0,0,0,0,0,0,0,0,0,0,0,0,0,0,0,0,0,0,0,0,0,0,0,0,0,0,0,0,0,0,0,0,0,0,0,0,0,0,0,0,0,0,0,0,0,0,0,0,0,0,0,0,0,0,0,0,0,0,0,0,0,0,0,0,0,0,0,0,0
32,Fagopyrum esculentum,Trigo Mourisco,outra,anual,0.5,1.2,arbustivo,Norte da Ásia,400,800,18,25,Alta,baixa,baixa,baixa,0,0,0,0,1,0,0,0,0,0,0,0,0,1,0,0,0,0,0,0,moderada,5.0,6.5,alta,baixa,boa,arenoso-medio,moderada,baixa,0.6,1.2,3,6,12,15,65,15,28,baixa,nula,baixa,0,0,0,1,0,0,0,0,0,0,0,0,0,0,1,0,0,0,0,1,0,0,1,0,0,0,0,1,0,0,0,0,0,0,0,0,0,1,1,0,0,0,0,1,0,0,0,0,0,0,0,0,0,0,0,0,0,1,0,0,0,0,0,0,0,0,0,0,0,0,0,0,0,0,0,0,0,0,0,0,0,0,0,0,0,0,0,0,0,0,0,0,0,0,0,0,0,0,0,0,0,0,0,0,0,0,0,0,0,0,0,0,0,0,0,0,0,0,0,0,0,0,0,0,0,0,0,0
33,Avena sativa,Aveia-branca,graminea,anual,0.6,1.5,cespitoso,Oriente Médio,media,NA,20,25,boa,baixa,alta,NA,0,0,0,0,1,0,0,0,1,0,0,0,0,0,0,0,0,0,0,0,NA,5.5,7.0,baixa,alta,bem drenado,medio,sim,sim,1.0,1.5,7,15,NA,NA,NA,30,50,alta,media,NA,1,0,0,1,0,0,0,0,1,0,0,0,0,0,0,1,0,0,0,1,0,0,1,0,0,1,0,0,0,0,0,0,0,0,1,0,0,1,1,0,0,0,0,0,0,0,0,0,0,0,0,0,0,1,0,0,0,0,0,0,0,0,0,0,0,0,0,0,0,0,0,0,0,0,0,0,0,0,0,0,0,0,0,0,0,0,0,0,0,0,0,0,0,0,0,0,0,0,0,0,0,0,0,0,0,0,0,0,0,0,0,0,0,0,0,0,0,0,0,0,0,0,0,0,0,0,0,0
34,Avena strigosa,Aveia preta,graminea,anual,0.7,1.6,cespitoso,Europa ,NA,NA,15,30,moderada,não tolera,alta,NA,0,0,0,0,1,0,0,0,0,0,0,0,0,0,0,0,0,0,0,0,alta,4.5,6.5,baixa,alta,bem drenado,leve-medio,sim,sim,1.0,1.5,5,10,20,NA,65,30,60,alta,NA,NA,0,0,0,0,0,0,0,0,1,0,0,0,0,0,0,1,0,0,0,1,0,1,0,0,0,1,0,0,0,0,0,0,0,0,0,1,0,1,0,0,0,0,0,0,0,0,0,0,0,0,0,0,0,1,0,0,0,0,0,0,0,0,0,0,0,0,1,1,1,1,0,0,0,0,0,0,0,0,0,0,0,0,0,0,0,0,0,0,0,0,0,0,0,0,0,0,0,0,0,0,0,0,0,0,0,0,0,0,0,0,0,0,0,0,0,0,0,0,0,0,0,0,0,0,0,0,0,0
35,Lollium multiflorum,Azevém anual,graminea,anual,0.2,11.2,semi-ereto,Europa ,NA,NA,NA,NA,moderada,baixa,alta,NA,0,0,1,0,1,0,0,0,0,0,0,0,0,0,0,0,0,0,0,0,moderada,5.5,7.0,baixa,baixa,bem drenado,medio,Na,NA,0.8,1.5,2,6,20,NA,65,20,40,alta,alta,alta,0,1,0,1,0,0,0,0,0,0,0,0,0,0,1,0,0,0,0,1,0,0,0,0,0,1,0,0,0,0,0,0,0,0,0,0,0,0,0,0,0,0,0,0,0,0,0,0,0,0,0,0,0,0,0,0,1,0,0,0,0,0,0,0,0,0,0,0,0,0,0,1,1,1,0,0,0,0,0,0,0,0,0,0,0,0,0,0,0,0,0,0,0,0,0,0,0,0,0,0,0,0,0,0,0,0,0,0,0,0,0,0,0,0,0,0,0,0,0,0,0,0,0,0,0,0,0,0
36,Brassica napus,Canola,oleaginosa,anual,0.8,1.8,ereto,Asia,NA,NA,18,22,NA,NA,baixa,NA,0,0,1,0,1,0,0,0,0,0,0,0,0,0,0,0,0,0,0,0,baixa,5.5,7.5,baixa,alta,bem drenado,medio,sim,sim,1.5,3.0,2,3,20,NA,65,20,30,nao_aplicavel,baixa,baixa,0,0,0,0,0,0,0,0,1,0,0,0,0,0,0,0,0,0,0,1,0,0,0,0,0,0,0,0,0,1,0,0,0,0,0,0,0,0,0,0,0,0,0,0,0,0,0,0,0,0,0,0,0,0,0,0,0,0,0,0,0,0,0,0,0,0,0,0,0,0,0,0,0,0,1,1,1,0,0,0,0,0,0,0,0,0,0,0,0,0,0,0,0,0,0,0,0,0,0,0,0,0,0,0,0,0,0,0,0,0,0,0,0,0,0,0,0,0,0,0,0,0,0,0,0,0,0,0
37,Secale cereale,Centeio,graminea,anual,0.8,2.0,semi-ereto,Sudoeste da Ásia,400,800,25,31,alta,baixa,alta,baixa,0,0,1,0,1,0,0,0,0,0,0,0,0,0,0,0,0,0,0,0,alta,4.5,7.0,alta,baixa,bem drenado,leve,sim,NA,1.5,2.5,4,10,7.5,11.5,60,20,30,alta,media,media,1,0,0,0,0,0,0,0,0,0,0,0,0,0,0,0,0,0,0,0,0,0,0,0,0,0,0,0,0,0,0,0,0,0,1,0,0,0,0,0,0,0,0,0,0,0,0,0,0,0,0,0,0,0,0,0,0,0,0,0,0,0,0,0,0,0,0,0,0,0,0,0,0,0,0,0,0,0,0,0,0,0,0,0,0,0,0,0,0,0,0,0,0,0,0,0,0,0,0,0,0,0,0,0,0,0,0,0,0,0,0,0,0,0,0,0,0,0,0,0,0,0,0,0,0,0,0,0
38,Hordeum vulgare,Cevada,graminea,anual,0.4,1.2,cespitoso,Oriente Médio,NA,NA,20,25,moderada,baixa,Baixa,NA,0,0,0,0,1,0,0,0,0,0,0,0,0,0,0,0,0,0,0,0,baixa,6.0,7.4,baixa,alta,bem drenado,medio,NA,NA,1.0,2.0,3,5,20,NA,65,3,5,media,Baixa,baixa,0,0,0,1,0,0,0,0,1,0,0,0,0,0,1,0,0,0,0,1,0,0,0,0,1,0,0,0,0,0,0,0,0,0,0,0,0,1,0,0,0,0,0,0,0,0,0,0,0,0,0,0,0,0,0,0,0,0,0,0,0,0,0,0,0,0,0,0,0,0,0,0,0,0,0,0,0,1,0,0,0,0,0,0,0,0,0,0,0,0,0,0,0,0,0,0,0,0,0,0,0,0,0,0,0,0,0,0,0,0,0,0,0,0,0,0,0,0,0,0,0,0,0,0,0,0,0,0
39,Lathyrus sativus,Chícharo,leguminosa,anual,0.3,1.0,semi-ereto,"Asia, África Oriental ",NA,NA,NA,NA,alta,baixa,moderada,NA,0,0,0,0,1,0,0,0,1,0,0,0,0,0,0,0,0,0,0,0,media,5.0,7.5,media,baixa,bem drenado,leve-medio,NA,NA,0.8,1.5,2,6,20,NA,65,20,40,alta,media,baixa,0,0,0,0,0,0,0,0,1,0,0,0,0,0,1,0,0,0,0,1,0,0,0,0,0,0,0,1,0,0,0,0,0,0,0,0,0,0,0,0,0,0,0,0,0,0,0,0,0,0,0,0,0,0,0,0,0,0,0,0,0,0,0,0,0,0,0,0,0,0,0,0,0,0,0,0,0,0,1,1,0,0,0,0,0,0,0,0,0,0,0,0,0,0,0,0,0,0,0,0,0,0,0,0,0,0,0,0,0,0,0,0,0,0,0,0,0,0,0,0,0,0,0,0,0,0,0,0
40,Pisum sativum subsp. arvense,Ervilha Forrageira,leguminosa,anual,0.3,1.5,trepador,Asia Central e Europa,NA,NA,NA,NA,moderada,baixa,moderada,NA,0,0,1,0,1,0,0,0,0,0,0,0,0,0,0,0,0,0,0,0,baixa,5.5,7.5,baixa,alta,bem drenado,leve-medio,NA,sim,0.8,1.5,4,6,20,NA,65,35,NA,alta,alta,media,0,0,1,1,0,0,0,0,1,0,0,0,0,0,0,1,0,0,1,1,0,0,0,0,0,0,0,0,0,0,0,0,0,0,0,0,0,0,0,0,0,0,0,0,0,0,0,0,0,0,1,0,0,1,0,0,0,0,0,0,0,0,0,0,0,0,0,0,0,0,0,0,0,0,0,0,0,0,0,0,1,1,1,1,1,0,0,0,0,0,0,0,0,0,0,0,0,0,0,0,0,0,0,0,0,0,0,0,0,0,0,0,0,0,0,0,0,0,0,0,0,0,0,0,0,0,0,0
41,Vicia sativa,Ervilhaca comum,leguminosa,anual,0.3,0.9,trepador,Mediterrâneo e Asia Ocidental,NA,NA,NA,NA,baixa,baixa,alta,NA,0,0,1,0,1,0,0,0,0,0,0,0,0,0,0,0,0,0,0,0,baixa,5.5,7.5,baixa,alta,boa,medio,moderada,baixa,0.8,1.2,4,7,20,NA,65,20,30,media,media,media,0,0,0,1,0,0,0,0,1,0,0,0,0,0,0,0,0,0,0,1,0,1,0,0,0,0,0,0,0,0,0,0,0,0,0,0,0,0,0,0,0,0,0,0,0,0,0,0,0,0,0,0,0,0,0,0,0,0,0,0,0,0,0,0,0,0,0,0,0,0,0,0,0,0,0,0,0,0,0,0,1,0,0,0,0,1,0,0,0,0,0,0,0,0,0,0,0,0,0,0,0,0,0,0,0,0,0,0,0,0,0,0,0,0,0,0,0,0,0,0,0,0,0,0,0,0,0,0
42,Raphanus sativus,Naboforrageiro,oleaginosa,anual,0.4,1.5,ereto,Asia Ocidental e Europa,NA,NA,NA,NA,alta,baixa,alta,NA,0,0,0,0,1,0,0,0,1,0,0,0,0,0,0,0,0,0,0,0,media,5.0,7.5,moderada,baixa,boa,medio,alta,moderada,1.0,2.0,3,9,12,NA,60,20,65,nao_aplicavel,media,baixa,0,0,0,0,0,0,0,0,0,0,0,0,0,0,0,0,0,0,0,0,0,0,0,0,0,0,0,0,0,0,0,1,0,0,0,0,0,0,0,0,0,0,0,0,1,1,1,1,0,0,0,0,0,0,0,0,0,0,0,0,0,0,0,0,0,0,1,0,0,0,0,0,0,0,0,0,0,0,0,0,0,0,0,0,0,0,1,1,1,1,1,0,0,0,0,0,0,0,0,0,0,0,0,0,0,0,0,0,0,0,0,0,0,0,0,0,0,0,0,0,0,0,0,0,0,0,0,0
43,Lupinus angustifolius,Tremoço azul,leguminosa,anual,0.4,1.2,ereto,Europa/ Asia / África,NA,NA,15,25,moderada,baixa,moderada,NA,0,0,0,0,1,0,0,0,0,0,0,0,0,0,0,0,0,0,0,0,alta,4.5,6.5,baixa,media,bem drenado,arenoso,moderado,moderado,1.0,1.5,2,7,20,NA,65,30,40,alta,baixa,media,0,0,0,1,0,0,0,0,0,0,0,0,0,0,0,0,0,0,0,1,0,0,0,0,0,0,0,0,0,0,0,0,0,0,0,0,0,0,0,0,0,0,0,0,0,0,0,0,0,0,0,0,0,0,0,0,0,0,1,0,0,0,0,0,0,0,0,0,0,0,0,0,0,0,0,0,0,0,0,0,1,0,0,0,0,0,0,0,0,0,0,1,1,0,0,0,0,0,0,0,0,0,0,0,0,0,0,0,0,0,0,0,0,0,0,0,0,0,0,0,0,0,0,0,0,0,0,0
44,Lupinus albus,Tremoço branco,leguminosa,anual,0.6,2.0,ereto,Europa/ Asia / África,NA,NA,15,25,moderada,baixa,alta,NA,0,0,1,,0,0,0,0,0,0,0,0,0,0,0,0,0,0,0,0,media,5.5,7.5,baixa,media,bem drenado,leve-medio,NA,NA,1.5,2.5,2,3,20,NA,60,20,30,baixa,baixa,media,0,0,0,1,0,0,0,0,0,0,0,0,0,0,0,0,0,0,0,1,0,0,0,0,0,0,0,0,0,0,0,1,0,0,0,0,0,0,0,0,0,0,0,0,0,0,0,0,0,0,0,0,0,0,0,0,0,0,1,0,0,0,0,0,0,0,0,0,0,0,0,0,0,0,0,0,0,0,0,0,1,0,0,0,0,0,0,0,0,0,0,0,0,1,1,1,1,0,0,0,0,0,0,0,0,0,0,0,0,0,0,0,0,0,0,0,0,0,0,0,0,0,0,0,0,0,0,0
45,Trifolium spp.,Trevos,leguminosa,perene,0.4,1.0,rasteiro,Europa e Asia,NA,NA,NA,NA,Baixa,NA,boa,NA,0,0,1,,1,0,0,0,0,0,0,0,0,0,0,0,0,0,0,0,baixa,5.5,7.5,baixa,media,bem drenado,medio,NA,NA,0.6,1.5,2,10,20,NA,65,20,30,alta,alta,baixa,0,0,0,0,0,0,1,0,0,0,0,0,0,0,0,0,0,0,0,1,0,0,0,0,0,0,0,0,0,0,0,0,1,0,0,0,0,0,0,0,0,0,0,0,0,0,0,0,0,0,0,0,0,0,0,0,0,0,0,0,0,0,0,0,0,0,1,0,0,0,0,0,0,0,0,0,0,0,0,0,0,0,0,0,0,0,0,0,0,0,0,0,0,0,0,0,0,1,1,0,0,0,0,0,0,0,0,0,0,0,0,0,0,0,0,0,0,0,0,0,0,0,0,0,0,0,0,0
46,Triticum spp.,Trigo,graminea,anual,0.4,1.2,ereto,Oriente Médio,NA,NA,18,22,moderada,moderada,moderada,NA,0,0,1,,1,0,0,0,0,0,0,0,0,0,0,0,0,0,0,0,baixa,5.5,7.5,baixa,media,bem drenado,medio,sim,NA,1.0,2.0,4,6,20,NA,60,10,NA,NA,baixa,baixa,0,0,0,1,0,0,0,0,0,0,0,0,0,0,0,0,0,0,0,0,0,0,0,0,0,0,0,0,0,0,0,0,0,0,1,0,0,0,0,0,0,0,0,0,0,0,0,0,0,0,0,0,0,0,0,0,0,0,1,0,0,0,0,0,0,0,0,0,0,0,0,0,0,0,0,0,0,0,0,0,0,0,0,0,0,0,0,0,0,0,0,0,0,0,0,0,0,0,0,1,1,0,0,0,0,0,0,0,0,0,0,0,0,0,0,0,0,0,0,0,0,0,0,0,0,0,0,0
47,X Triticosecale,Triticale,graminea,anual,0.6,1.6,ereto,NA,NA,NA,10,22,alta,NA,alta,NA,0,0,1,0,1,0,0,0,0,0,0,0,0,0,0,0,0,0,0,0,media,5.0,7.5,media,media,bem drenado,medio,NA,NA,1.2,2.0,4,7,20,NA,60,9,10,NA,alta,media,0,0,0,1,0,0,0,0,0,0,1,0,0,0,0,0,0,0,0,1,0,0,0,0,0,1,0,0,0,0,0,0,0,0,1,0,0,0,0,0,0,0,0,0,0,1,0,0,0,0,0,0,0,0,0,0,0,0,1,0,0,0,0,0,0,0,0,0,0,0,0,0,0,0,0,1,0,0,0,0,0,0,0,0,0,0,0,0,0,0,0,0,0,0,0,0,0,0,0,0,0,1,0,0,0,0,0,0,0,0,0,0,0,0,0,0,0,0,0,0,0,0,0,0,0,0,0,0
48,Lolium multiflorum Lam.,Azevém ,graminea,anual,0.2,1.2,cespitoso,Europa,NA,media a alta,20,22,baixa,baixa,baixa,NA,0,0,0,0,1,0,0,0,0,0,0,0,0,0,0,0,0,0,0,0,baixa,5.5,7.0,baixa,media,bem drenado,medio,NA,NA,0.8,1.5,5,10,25,25,65,30,60,alta,alta,NA,1,0,0,1,0,0,0,0,0,0,0,0,0,0,0,1,0,0,0,0,0,0,0,0,0,0,0,0,0,0,0,0,0,0,0,0,0,0,1,0,0,0,0,0,0,0,0,0,0,0,0,0,0,1,0,0,0,0,0,0,0,0,0,0,0,0,0,0,0,0,0,0,0,0,0,0,0,0,0,0,0,0,0,0,0,0,0,0,0,0,0,0,0,0,0,0,0,0,0,0,0,0,0,0,0,0,0,0,0,0,0,0,0,0,0,0,0,0,0,0,0,0,0,0,0,0,0,0
49,X Triticosecale Wittmack,Triticale,graminea,anual,0.8,1.4,cespitoso,NA,500,900,10,20,moderada,baixa,NA,NA,0,0,0,0,1,0,0,0,1,0,0,0,0,0,0,0,0,0,0,0,media,5.0,7.5,media,media,bem drenado,leve-medio,NA,NA,1.2,2.0,4,8,10,14,65,20,40,media,alta,NA,1,0,0,0,0,0,0,0,0,0,0,0,0,0,0,1,0,0,0,0,0,0,0,0,0,0,0,0,0,0,0,0,0,0,1,0,0,0,0,0,0,0,0,0,0,0,0,0,0,0,0,0,0,0,0,0,1,0,0,0,0,0,0,0,0,0,0,0,0,0,0,0,0,0,0,0,0,0,0,0,0,0,0,0,0,0,0,0,0,0,0,0,0,0,0,0,0,0,0,0,0,0,0,0,0,0,0,0,0,0,0,0,0,0,0,0,0,0,0,0,0,0,0,0,0,0,0,0
50,Festuca arundinacea Schreb.,Festuca,graminea,perene,0.4,1.5,NA,Europa,NA,NA,25,NA,moderada,alta,alta,baixa,0,0,0,0,1,0,0,0,1,0,0,0,0,0,0,0,0,0,0,0,baixa,5.5,7.5,baixa,media,bem drenado,medio-argiloso,alta,baixa,1.5,3.0,10,NA,21.3,NA,76,40,50,alta,alta,alta,1,0,1,0,0,0,0,0,0,0,0,0,0,0,0,0,0,0,0,0,0,0,0,0,0,0,0,0,0,0,0,0,0,0,0,0,0,0,0,0,0,0,0,0,0,0,0,0,0,0,0,0,0,1,0,0,0,0,0,0,0,0,0,0,1,0,0,0,0,0,0,0,0,0,0,0,0,0,0,0,0,0,0,0,0,0,0,0,0,0,0,0,0,0,0,0,0,0,0,0,0,0,0,0,0,0,0,0,0,0,0,0,0,0,0,0,0,0,0,0,0,0,0,0,0,0,0,0
51,Dactylis glomerata L.,Capim dos pomares ou Dátilo,graminea,perene,0.3,1.4,NA,NA,NA,NA,NA,NA,baixa,baixa,alta,NA,0,,,,1,0,0,0,0,0,0,0,0,0,1,0,0,0,0,0,baixa,5.5,7.5,baixa,media,bem drenado,medio,moderada,baixa,1.2,2.5,5.2,NA,22,NA,65,5,10,media,NA,media,1,0,0,0,0,0,0,0,0,0,0,0,0,0,0,0,0,0,0,0,0,0,0,0,0,0,0,0,0,0,0,0,0,0,0,0,0,0,0,0,0,0,0,0,0,0,0,0,0,0,0,0,0,1,0,0,0,0,0,0,0,0,0,0,0,0,0,0,0,0,0,0,0,0,0,0,0,0,0,0,0,0,0,0,0,0,0,0,0,0,0,0,0,0,0,0,0,0,0,0,0,0,0,0,0,0,0,0,0,0,0,0,0,0,0,0,0,0,0,0,0,0,0,0,0,0,0,0
52,Bromus auleticus,Cevadilha,graminea,perene,0.6,0.9,cespitoso,America do Sul,NA,NA,NA,NA,alta,NA,alta,NA,0,0,0,0,1,0,0,0,0,0,0,0,0,0,1,0,0,0,0,0,baixa,5.5,7.5,baixa,media,bem drenado,medio,NA,NA,1.0,2.0,4.7,NA,18,NA,"67,5",NA,NA,media,media,alta,1,0,0,0,0,0,0,0,0,0,0,0,0,0,0,0,0,0,0,0,0,0,0,0,0,0,0,0,0,0,0,0,0,0,0,0,0,0,0,0,0,0,0,0,0,0,0,0,0,0,0,0,0,0,0,0,0,0,0,0,0,0,0,0,0,0,0,0,0,0,0,0,0,0,0,0,0,0,0,0,0,0,0,0,0,0,0,0,0,0,0,0,0,0,0,0,0,0,0,0,0,0,0,0,0,0,0,0,0,0,0,0,0,0,0,0,0,0,0,0,0,0,0,0,0,0,0,0
53,Falaris,Phalaris aquatica e P. bulbosa,graminea,perene,0.4,1.2,cespitoso,Mediterraneo/ Africa /Europa,NA,NA,NA,NA,alta,NA,NA,NA,0,0,0,0,0,0,0,0,0,0,0,0,0,0,0,0,0,0,0,0,baixa,5.0,8.0,baixa,media,bem drenado,medio-argiloso,alta,moderada,0.8,1.5,6,8,NA,NA,NA,NA,NA,NA,NA,NA,0,1,0,0,0,0,0,0,0,0,0,0,0,0,0,0,0,0,0,0,0,0,0,0,0,0,0,0,0,0,0,0,0,0,0,0,0,0,0,0,0,0,0,0,0,0,0,0,0,0,0,0,0,0,0,0,0,0,0,0,0,0,0,0,0,0,0,0,0,0,0,0,0,0,0,0,0,0,0,0,0,0,0,0,0,0,0,0,0,0,0,0,0,0,0,0,0,0,0,0,0,0,0,0,0,0,0,0,0,0,0,0,0,0,0,0,0,0,0,0,0,0,0,0,0,0,0,0
54,Sorghum ssp.,Sorgo,graminea,anual,0.5,2,ereto,Africa,380,NA,NA,NA,muito alta,moderada,alta,NA,1,0,1,0,0,0,0,0,0,0,0,0,0,0,0,0,0,0,0,0,alta,5.5,6.5,moderada,baixa,boa,arenoso-argiloso,alta,moderada,1.5,2.5,20,NA,12,NA,65,NA,NA,alta,alta,NA,1,0,0,0,0,0,0,0,0,0,0,0,0,0,0,1,0,0,0,0,0,0,0,0,0,0,0,0,0,0,0,0,0,0,1,0,0,0,0,0,0,0,0,0,0,0,0,0,0,0,0,0,0,1,0,0,0,0,0,0,0,0,0,0,0,0,0,0,0,0,0,0,0,0,0,0,0,0,0,0,0,0,0,0,0,0,0,0,0,0,0,0,0,0,0,0,0,0,0,0,0,0,0,0,0,0,0,0,1,0,0,0,0,0,0,0,0,0,0,0,0,0,0,0,0,0,0,0
55,Euchlaena mexicana,Teosinto,graminea,anual,0.7,0.9,cespitoso,América Central ,NA,NA,NA,NA,baixa,baixa,NA,baixa,0,0,0,0,0,0,0,0,0,0,0,0,0,0,0,1,0,0,0,0,baixa,5.5,7.5,moderada,media,boa,medio,alta,baixa,1.5,2.5,NA,NA,15,NA,NA,NA,NA,media,alta,NA,0,0,0,0,0,0,0,0,0,0,0,0,0,0,0,0,0,0,0,0,0,0,0,0,0,0,0,0,0,0,0,0,0,0,0,0,0,0,0,0,0,0,0,0,0,0,0,0,0,0,0,0,0,0,0,0,0,0,0,0,0,0,0,0,0,0,0,0,0,0,0,0,0,0,0,0,0,0,0,0,0,0,0,0,0,0,0,0,0,0,0,0,0,0,0,0,0,0,0,0,0,0,0,0,0,0,0,0,1,1,0,0,0,0,0,0,0,0,0,0,0,0,0,0,0,0,0,0
56,Panicum maximum cv.Tanzânia,capim Tanzania,graminea,perene,1.2,2.5,cespitoso,NA,NA,NA,NA,NA,media,NA,baixa,NA,1,0,0,0,0,1,0,0,0,0,0,0,0,0,0,0,0,0,0,0,media,4.5,7.5,media,media,bem drenado,medio-argiloso,moderado,NA,1.5,2.5,30,35,NA,NA,NA,NA,NA,alta,alta,NA,0,1,0,0,0,0,0,0,0,0,0,0,0,0,0,1,0,0,0,0,0,0,0,0,0,0,0,0,0,0,0,0,0,0,0,0,0,0,0,0,0,0,0,0,0,0,0,0,0,0,0,0,0,0,0,0,0,0,0,0,0,0,0,0,0,0,0,0,0,0,0,0,0,0,0,0,0,0,0,0,0,0,0,0,0,0,0,0,0,0,0,0,0,0,0,0,0,0,0,0,0,0,0,0,0,0,0,0,0,0,0,0,0,0,0,0,0,0,0,0,0,0,0,0,0,0,0,0
58,Urochloa brizantha cv. Xaraés,Capim-xaraés,graminea,perene,1.2,2.5,cespitoso,NA,NA,NA,NA,NA,NA,NA,NA,NA,1,0,0,0,0,0,0,0,0,0,0,0,0,0,0,0,1,0,0,0,alta,4.0,6.5,media,media,boa,medio-argiloso,alta,moderada,1.5,2.5,NA,NA,NA,NA,NA,NA,NA,NA,NA,NA,1,0,0,0,0,0,0,0,0,0,0,0,0,0,0,0,0,0,0,0,0,0,0,0,0,0,0,0,0,0,0,0,0,0,0,0,0,0,0,0,0,0,0,0,0,0,0,0,0,0,0,0,0,0,0,0,1,0,0,0,0,0,0,0,0,0,0,0,0,0,0,0,0,0,0,0,0,0,0,0,0,0,0,0,0,0,0,0,0,0,0,0,0,0,0,0,0,0,0,0,0,0,0,0,0,0,0,0,0,0,0,0,0,0,0,0,0,0,0,0,0,0,0,0,0,0,0,0
59,Urochloa brizantha cv. Piatã,Capim. Piatã,graminea,perene,0.85,1.1,NA,NA,NA,NA,NA,NA,NA,alta,muito baixa,NA,0,0,0,0,0,0,0,0,0,0,0,0,0,0,0,0,0,0,0,0,media,4.5,6.5,media,media,boa,medio-argiloso,alta,moderada,1.5,2.5,NA,NA,NA,NA,NA,NA,NA,media,alta,NA,0,1,0,0,0,0,0,0,0,0,0,0,0,0,0,0,0,0,0,0,0,0,0,0,0,0,0,0,0,0,0,0,0,1,0,0,0,0,0,0,0,0,0,0,0,0,0,0,0,0,0,0,0,0,0,0,0,0,0,0,0,0,0,0,0,0,0,0,0,0,0,0,0,0,0,0,0,0,0,0,0,0,0,0,0,0,0,0,0,0,0,0,0,0,0,0,0,0,0,0,0,0,0,0,0,0,0,0,0,0,1,1,0,0,0,0,0,0,0,0,0,0,0,0,0,0,0,0
61,Cynodon spp.,NA,graminea,perene,0.2,0.9,rasteiro,Africa/ Ásia ,NA,NA,15,17,moderada,baixa,moderada,NA,0,0,1,0,0,0,0,0,0,0,0,0,0,0,0,0,0,0,0,0,baixa,5.5,7.5,baixa,media-alta,bem drenado,leve-medio,alta,baixa,1.0,2.0,20,NA,11,15,"61,5",NA,NA,alta,alta,NA,1,0,0,0,0,0,0,0,0,0,0,0,0,0,0,1,0,0,0,0,0,0,0,0,0,0,0,0,0,0,0,0,0,0,0,0,0,0,0,0,0,0,0,0,0,0,0,0,0,0,0,0,0,1,0,0,1,0,0,0,0,0,0,0,0,0,0,0,0,0,0,0,0,0,0,0,0,0,0,0,0,0,0,0,0,0,0,0,0,0,0,0,0,0,0,0,0,0,0,0,0,0,0,0,0,0,0,0,0,0,0,0,1,0,0,0,0,0,0,0,0,0,0,0,0,0,0,0
62,Cenchrus ciliaris,capim-buffel,graminea,perene,0.4,1.5,cespitoso,Africa/ India/ Indonesia,347.6,1027.3,30,NA,alta,baixa,baixa,NA,0,0,0,0,0,0,0,0,0,1,0,1,0,0,0,0,0,0,0,0,media,5.0,8.0,media,baixa,bem drenado,leve-medio,sim,NA,1.5,2.5,4,12,10,NA,60,NA,NA,NA,NA,NA,0,0,0,0,0,0,0,0,0,0,0,0,0,0,0,0,0,0,0,0,0,0,0,0,0,0,0,0,0,0,0,0,0,1,0,0,0,0,0,0,0,0,0,0,0,0,0,0,0,0,0,0,0,0,0,0,0,0,0,0,0,,,,,,,,,,,,,,,,,,,,,,,,,,,,,,,,,,,,,,,,,,,,,,,,,,,,,0,0,0,0,0,0,0,0,0,0,0,0,0,0,0
63,Stylosanthes spp,Campo Grande,leguminosa,bienal ,0.3,1.5,semi-ereto,América Central e Sul,700,1800,NA,NA,NA,NA,NA,NA,1,0,0,0,0,0,0,0,0,0,0,0,0,0,0,0,0,0,0,0,alta,4.0,6.5,media,baixa,bem drenado,leve-medio,NA,NA,1.0,1.8,8,15,13,18,"62,5",NA,NA,NA,NA,NA,1,0,1,0,0,0,0,0,0,0,0,0,0,0,0,0,0,0,0,0,0,0,0,0,0,0,0,0,0,0,0,0,0,0,0,0,0,0,0,0,0,0,0,0,0,0,0,0,0,0,0,0,0,0,0,0,0,0,0,0,0,0,0,0,0,0,0,0,0,0,0,0,0,0,0,0,0,0,0,0,0,0,0,0,0,0,0,0,0,0,0,0,0,0,0,0,0,0,0,0,0,0,0,0,0,0,0,0,0,0,0,0,0,1,1,0,0,0,0,0,0,0,0,0,0,0,0,0
64,Stylosanthes guianensis cv. Bandeirante,Bandeirante,leguminosa,perene,0.4,1.0,semi-ereto ,América do Sul,900,3500,NA,NA,alta,NA,NA,NA,1,0,0,0,0,0,0,0,0,0,0,0,0,0,0,0,0,0,0,0,alta,4.0,6.5,media,baixa,bem drenado,leve-medio,NA,NA,1.0,1.8,6,8,18,20,NA,NA,NA,alta,NA,NA,1,0,0,0,0,0,0,0,0,0,0,0,0,0,0,0,0,0,0,0,0,0,0,0,0,0,0,0,1,0,0,0,0,0,0,0,0,0,0,0,0,0,0,0,0,0,0,0,0,0,0,0,0,0,0,0,0,0,0,0,0,0,0,0,0,0,0,0,0,0,0,0,0,0,0,0,0,0,0,0,0,0,0,0,0,0,0,0,0,0,0,0,0,0,0,0,0,0,0,0,0,0,0,0,0,0,0,0,0,0,0,0,0,0,0,0,0,0,0,0,0,0,0,0,0,0,0,0
65,Stylosanthes guianensis cv. Mineirão,Mineirão,leguminosa,perene,0.6,1.5,subarbusto,America do Sul,800,1800,NA,NA,alta,NA,NA,moderada,1,0,0,0,0,0,0,0,0,0,0,0,0,0,0,0,0,0,0,0,alta,4.0,6.5,media,baixa,bem drenado,leve-medio,alto,NA,1.0,1.8,20,NA,12,18,60,5,10,alta,NA,NA,1,0,0,0,0,0,0,0,0,0,0,0,0,0,0,0,0,0,0,0,0,0,0,0,0,0,0,0,0,0,0,0,0,0,0,0,0,0,0,0,0,0,0,0,0,0,0,0,0,0,0,0,0,0,0,0,0,0,0,0,0,0,0,0,0,0,0,0,0,0,0,0,0,0,0,0,0,0,0,0,0,0,0,0,0,0,0,0,0,0,0,0,0,0,0,0,0,0,0,0,0,0,0,0,0,0,0,0,0,0,0,0,0,0,0,0,0,0,0,0,0,0,0,0,0,0,0,0
66,Stylosanthes guianensis cv. Pioneiro,Pioneiro,leguminosa,perene,0.5,1.2,semi-ereto,brasil,NA,NA,NA,NA,NA,NA,NA,NA,1,0,0,0,0,0,0,0,0,0,0,0,0,0,0,0,0,0,0,0,alta,4.0,6.5,media,baixa,bem drenado,leve-medio,alto,sim,1.0,1.8,NA,NA,NA,NA,NA,3,6,NA,NA,NA,1,0,0,0,0,0,0,0,0,0,0,0,0,0,0,0,0,0,0,0,0,0,0,0,0,0,0,0,0,0,0,0,0,0,0,0,0,0,0,0,0,0,0,0,0,0,0,0,0,0,0,0,0,0,0,0,0,0,0,0,0,0,0,0,0,0,0,0,0,0,0,0,0,0,0,0,0,0,0,0,0,0,0,0,0,0,0,0,0,0,0,0,0,0,0,0,0,0,0,0,0,0,0,0,0,0,0,0,0,0,0,0,0,0,0,0,0,0,0,0,0,0,0,0,0,0,0,0
67,Arachis glabrata Benth.,amendoim forrageiro rizomatoso,leguminosa,perene,0.2,0.6,ereto,America do Sul,600,4000,20,NA,alta,moderada,NA,NA,1,0,0,0,0,0,0,0,0,0,0,0,0,0,0,0,0,0,0,0,alta,4.5,6.5,alta,media,bem drenado,leve-argiloso,sim,NA,5.0,1.5,10,16,10,18,58,NA,NA,alta,NA,NA,1,0,0,0,0,0,0,0,0,0,0,0,0,0,1,0,0,0,0,0,0,0,0,0,0,0,0,0,0,0,0,0,0,0,0,0,0,0,0,0,0,0,0,0,0,0,0,0,0,0,0,0,0,1,0,0,0,0,0,0,0,0,0,0,0,0,0,0,0,0,0,0,0,0,0,0,0,0,0,0,0,0,0,0,0,0,0,0,0,0,0,0,0,0,0,0,0,0,0,0,0,0,0,0,0,0,0,0,0,0,0,0,0,0,0,0,0,0,0,0,0,0,0,0,0,0,0,0
68,Pueraria phaseoloides (Kudzu tropical),Kudzu tropical,leguminosa,perene,0.5,2.0,trepador,Malasia/Indonesia,850,2500,27,NA,moderada,alta,NA,moderada,0,0,0,0,0,0,0,0,0,0,0,0,0,0,0,0,0,0,0,0,alta,4.5,6.5,media,baixa,bem drenado,leve-argiloso,NA,NA,1.5,2.5,5.5,8.6,16,19,NA,NA,NA,media,NA,NA,0,0,0,0,0,0,0,0,0,0,0,0,0,0,0,1,0,0,0,0,0,0,0,0,0,0,0,0,1,0,0,0,1,0,0,0,0,0,0,0,0,0,0,0,0,0,0,0,0,0,0,0,0,1,0,0,0,0,0,0,0,0,0,0,0,0,0,0,0,0,0,0,0,0,0,0,0,0,0,0,0,0,0,0,,0,0,0,0,0,0,0,0,0,0,0,0,1,0,0,0,0,0,0,0,0,0,0,0,0,0,0,0,0,0,1,0,0,0,0,0,0,0,0,0,0,0,0
69,Calopogonium mucunoides,Calopogônio,leguminosa,perene,0.5,2.0,trepador,brasil,1100,NA,30,NA,boa,alta,baixa,moderada,0,0,0,0,0,0,0,0,0,0,0,0,0,0,0,0,0,0,0,0,alta,4.5,6.5,media,baixa,bem drenado,leve-medio,sim,NA,0.5,1.0,5,NA,16,20,NA,NA,NA,NA,NA,NA,0,0,0,0,0,0,0,0,0,0,0,0,0,0,0,0,0,0,0,0,1,0,0,0,0,0,0,0,0,0,0,0,1,0,0,0,0,0,0,0,0,0,0,0,0,0,0,0,0,0,0,0,0,0,0,0,0,0,0,0,0,0,0,0,0,0,0,0,0,0,0,0,0,0,0,0,0,0,0,0,0,0,0,0,0,0,0,0,0,0,0,0,0,0,0,0,0,0,1,0,0,0,0,0,0,0,0,0,0,0,0,0,0,0,0,0,0,0,0,0,0,0,0,0,0,0,0,0
70,Glycine wightii Syn. Neonotonia wightii,Soja perene,leguminosa,perene,0.015,0.15,NA,Africa,NA,NA,NA,NA,moderada,NA,moderada ,alta,0,0,0,0,0,0,0,0,0,0,0,0,0,0,0,0,0,0,0,0,alta,4.5,6.5,media,media,bem drenado,leve-argiloso,NA,NA,1.5,2.5,5,6,11,20,NA,NA,NA,NA,NA,NA,0,0,0,0,0,0,0,0,0,0,0,0,0,0,0,0,0,0,0,0,0,0,0,0,0,1,0,0,0,0,0,0,1,0,0,0,0,0,0,0,0,0,0,0,0,0,0,0,0,0,0,0,0,0,0,0,0,0,0,0,0,0,0,0,0,0,0,0,0,0,0,0,0,0,0,0,0,0,0,0,0,0,0,0,0,0,0,0,0,0,0,0,0,0,0,0,0,0,1,0,0,0,0,0,0,0,0,0,0,0,0,0,0,0,0,0,1,1,1,1,1,0,0,0,0,0,0,0
71,Medicago sativa L.,Alfafa,leguminosa,perene,0.4,1.0,ereto,Asia Menor,NA,NA,NA,NA,moderada,NA,NA,baixa,1,0,0,0,1,0,0,0,0,0,0,0,0,0,0,0,0,0,0,0,baixa,6.0,7.5,baixa,alta,profundo e bem drenado,medio,NA,NA,2.0,5.0,21,30,22,25,60,NA,NA,NA,NA,NA,0,1,0,0,0,0,0,0,0,0,0,0,0,0,0,1,0,0,0,0,0,0,0,0,0,0,0,0,0,0,0,0,0,0,0,0,0,0,0,0,0,0,0,0,0,0,0,0,0,0,0,0,0,1,1,0,0,0,0,0,0,0,0,0,0,0,0,0,0,0,0,0,0,0,0,0,0,0,0,0,0,0,0,0,0,0,0,0,0,0,0,0,0,0,0,0,0,0,1,0,0,0,0,0,0,0,0,0,0,0,0,0,0,0,0,0,0,0,0,0,0,0,0,0,0,0,0,0
72,Trifolium repens L.,Trevo Branco,leguminosa,perene,0.05,0.3,NA,Europa,NA,NA,20,25,baixa,NA,moderada,NA,0,0,0,0,1,0,0,0,0,0,0,0,0,0,0,0,0,0,0,0,baixa,5.5,7.5,baixa,media,bem drenado,medio,NA,NA,0.6,1.2,7,11,18,25,85,NA,NA,NA,NA,NA,0,0,0,0,0,0,0,0,0,0,0,0,0,0,0,0,0,0,0,0,0,0,0,0,0,0,0,0,0,0,0,0,0,0,0,0,0,0,0,0,0,0,0,0,0,0,0,0,0,0,0,0,0,0,0,0,0,0,0,0,0,0,0,0,0,0,0,0,0,0,0,0,0,0,0,0,0,0,0,0,0,0,0,0,0,0,0,0,0,0,0,0,0,0,0,0,0,0,1,0,0,0,0,0,0,0,0,0,0,0,0,0,0,0,0,0,0,0,0,0,0,1,1,1,1,0,0,0
73,Lotus corniculatus L.,Cornichão São Gabriel,leguminosa,perene,0.3,0.75,ereto,Europa,NA,NA,NA,NA,alta,NA,alta,moderada,0,0,0,0,0,0,0,0,0,0,0,0,0,0,0,0,0,1,1,0,moderada,5.0,7.0,baixa,media,bem drenado,medio,NA,NA,0.8,1.5,6,14,24,24,86,NA,NA,NA,NA,NA,1,0,0,0,0,0,0,0,0,0,0,0,0,0,0,0,0,0,0,0,0,0,0,0,0,0,0,0,0,0,0,0,1,0,0,0,0,0,0,0,0,0,0,0,0,0,0,0,0,0,0,0,0,1,0,0,0,0,0,0,0,0,0,0,0,0,0,0,0,0,0,0,0,0,0,0,0,0,0,0,0,0,0,0,0,0,0,0,0,0,0,0,0,0,0,0,0,0,0,0,0,0,0,0,0,0,0,0,0,0,0,0,0,0,0,0,0,0,0,0,0,0,0,0,0,0,0,0
74,Trifolium pratense L.,Trevo Vermelho,leguminosa,bienal ,0.2,0.8,ereto,Asia,NA,NA,NA,NA,NA,NA,moderada,baixa,0,0,1,0,1,0,0,0,0,0,0,0,0,0,0,0,0,0,0,0,baixa,5.5,7.5,baixa,media,bem drenado,medio,NA,NA,0.8,1.5,8,10,28,28,NA,NA,NA,NA,NA,NA,1,0,0,0,0,0,0,0,0,0,0,0,0,0,0,1,0,0,0,0,0,0,0,0,0,0,0,0,1,0,0,0,1,0,0,0,0,0,0,0,0,0,0,0,0,0,0,0,0,0,0,0,0,1,0,0,0,0,0,0,0,0,0,0,0,0,0,0,0,0,0,0,0,0,0,0,0,0,0,0,0,0,0,0,0,0,0,0,0,0,0,0,0,0,0,0,0,0,0,0,0,0,0,0,0,0,0,0,0,0,0,0,0,0,0,0,0,0,0,0,0,0,0,0,0,0,0,0
75,T. vesiculosum,Trevo vesiculoso,leguminosa,anual,0.3,1.0,semi-ereto,NA,NA,NA,15,NA,moderada,baixa,baixa,NA,0,0,0,0,1,0,0,0,0,0,0,0,0,0,0,0,0,0,0,0,baixa,5.5,7.5,baixa,media,bem drenado,leve-medio,NA,NA,0.8,1.5,9,NA,16,20,"82,5",NA,NA,NA,NA,NA,1,0,0,0,0,0,0,0,0,0,0,0,0,0,0,0,0,0,0,0,0,0,0,0,0,0,0,0,1,0,0,0,1,0,0,0,0,0,0,0,0,0,0,0,0,0,0,0,0,0,0,0,0,1,0,0,0,0,0,0,0,0,0,0,0,0,0,0,0,0,0,0,0,0,0,0,0,0,0,0,0,0,0,0,0,0,0,0,0,0,0,0,0,0,0,0,0,0,0,0,0,0,0,0,0,0,0,0,0,0,0,0,0,0,0,0,0,0,0,0,0,0,0,0,0,0,0,0
76,T. subterraneum,Trevo subterrâneo,leguminosa,anual,0.05,0.3,rasteiro,Europa,NA,NA,20,30,NA,NA,NA,não tolera,0,0,0,0,1,0,0,0,0,0,0,0,0,0,0,0,0,0,0,0,moderada,5.0,7.0,baixa,media,bem drenado,leve-medio,NA,NA,0.6,1.2,2,3,NA,NA,NA,NA,NA,alta,NA,NA,1,0,0,0,0,0,0,0,0,0,0,0,0,0,0,0,0,0,0,0,0,0,0,0,0,0,0,0,0,0,0,0,1,0,0,0,0,0,0,0,0,0,0,0,0,0,0,0,0,0,0,0,0,0,0,0,0,0,0,0,0,0,0,0,0,0,0,0,0,0,0,0,0,0,0,0,0,0,0,0,0,0,0,0,0,0,0,0,0,0,0,0,0,0,0,0,0,0,0,0,0,0,0,0,0,0,0,0,0,0,0,0,0,0,0,0,0,0,0,0,0,0,0,0,0,1,0,0
77,Vicia sativa L.,Ervilhaca,leguminosa,anual,0.35,NA,trepador,Europa/Asia,NA,NA,NA,NA,alta,baixa,alta,NA,0,0,1,0,1,0,0,0,0,0,0,0,0,0,0,0,0,0,0,0,baixa,5.5,7.5,baixa,media,bem drenado,leve-medio,NA,NA,1.0,2.0,4,7,15,20,NA,NA,NA,NA,NA,NA,0,0,0,1,0,0,0,0,0,0,0,0,0,0,0,0,0,0,0,1,0,0,0,0,0,0,0,0,0,0,0,0,1,0,0,0,0,0,0,0,0,0,0,0,0,0,0,0,0,0,0,0,0,0,0,0,0,0,0,0,0,0,0,0,0,0,0,0,0,0,1,0,0,0,0,0,0,0,0,0,0,0,0,0,0,0,0,0,0,0,0,0,0,0,0,0,0,0,0,0,0,0,0,0,0,0,0,0,0,0,0,0,0,0,0,0,0,0,0,0,0,0,0,0,0,0,0,0
78,Vicia villosa Roth,Ervilhaca peluda,leguminosa,anual,0.3,1.0,trepador,Ásia Ocidental / Mediterrâneo ,NA,NA,NA,NA,alta,baixa,alta,NA,0,0,1,0,1,0,0,0,0,0,0,0,0,0,0,0,0,0,0,0,baixa,5.0,7.5,baixa,media,bem drenado,leve-medio,NA,NA,1.0,2.0,4,7,15,20,NA,NA,NA,NA,NA,NA,0,0,0,1,0,0,0,0,0,0,0,0,0,0,0,0,0,0,0,1,0,0,0,0,0,0,0,0,0,0,0,0,1,0,0,0,0,0,0,0,0,0,0,0,0,0,0,0,0,0,0,0,0,0,0,0,0,0,0,0,0,0,0,0,0,0,0,0,0,0,1,0,0,0,0,0,0,0,0,0,0,0,0,0,0,0,0,0,0,0,0,0,0,0,0,0,0,0,0,0,0,0,0,0,0,0,0,0,0,0,0,0,0,0,0,0,0,0,0,0,0,0,0,0,0,0,0,0
79,Ornithopus sativus,Serradela,leguminosa,anual,0.2,0.6,semi-ereto,costa atlântica da Península Ibérica,NA,NA,NA,NA,NA,baixa,alta,NA,0,0,0,0,0,0,0,0,0,0,0,0,0,0,0,0,0,0,0,1,alta,4.0,6.5,media,baixa,bem drenado,leve,NA,NA,0.5,1.2,2,6,NA,NA,NA,NA,NA,NA,NA,NA,0,1,0,1,0,0,0,0,0,0,0,0,0,0,0,0,0,0,0,1,0,0,0,0,0,0,0,0,0,0,0,0,0,0,0,0,0,0,0,0,0,0,0,0,0,0,0,0,0,0,0,0,0,0,0,0,0,0,0,0,0,0,0,0,0,0,0,0,0,0,0,0,0,0,0,0,0,0,0,0,0,0,0,0,0,0,0,0,0,0,0,0,0,0,0,0,0,0,0,0,0,0,0,0,0,0,0,0,0,0,0,0,0,0,0,0,0,0,0,0,0,0,0,0,0,0,0,0
80,Cenchrus Clandestinum,capim-kikuio-verdadeiro,graminea,perene,0.2,0.6,rasteiro,Africa,1200,2000,16,21,moderada,NA,moderada,NA,0,0,0,0,0,0,1,0,0,0,1,0,0,0,1,0,0,0,0,0,media,5.0,7.5,baixa,media,moderadamente tolerante a solo mal drenado,medio,sim,NA,1.0,2.0,NA,NA,10.8,NA,65,60,NA,NA,NA,NA,1,0,0,1,0,0,0,0,0,0,0,0,0,0,0,1,0,0,0,0,0,0,0,0,0,0,0,0,0,0,0,0,0,0,0,0,0,0,0,0,0,0,0,0,0,0,0,0,0,0,0,0,0,1,0,0,0,0,0,0,0,0,0,0,0,0,0,0,0,0,0,0,0,0,0,0,0,0,0,0,0,0,0,0,0,0,0,0,0,0,0,0,0,0,0,0,0,0,0,0,0,0,0,0,0,0,0,0,0,0,0,0,0,0,0,0,0,0,0,0,0,0,0,0,0,0,0,0
81,Cynodon nlemfluensis cv. Estrela-roxa,Estrela-roxa,graminea,perene,0.3,0.8,rasteiro,Africa,600,3000,20,27,moderada,moderada,moderada,moderada,1,0,0,0,0,0,0,0,0,1,0,0,0,0,1,0,0,0,0,0,baixa,5.5,7.5,NA,alta,NA,amplo,sim,NA,0.6,1.5,17.5,25,15,NA,65,NA,NA,NA,NA,NA,1,0,0,0,0,0,0,0,0,0,0,0,0,0,0,1,0,0,0,0,0,0,0,0,0,0,0,0,0,0,0,0,0,0,0,0,0,0,0,0,0,0,0,0,0,0,0,0,0,0,0,0,0,1,0,0,0,0,0,0,0,0,0,0,0,0,0,0,0,0,0,0,0,0,0,0,0,0,0,0,0,0,0,0,0,0,0,0,0,0,0,0,0,0,0,0,0,0,0,0,0,0,0,0,0,0,0,0,0,0,0,0,0,0,0,0,0,0,0,0,0,0,1,1,0,0,1,1
82,Lotus subbiflorus,cornichão El Rincon,leguminosa,anual,0.1,0.4,semi-ereto,Europa,NA,NA,NA,NA,NA,NA,moderada,NA,0,0,0,0,0,0,0,0,0,0,0,0,0,0,0,0,0,0,0,0,alta,5.0,6.5,baixa-moderada,baixa,boa,medio-argiloso,moderado,moderado,0.8,1.5,30,40,NA,NA,NA,NA,NA,SIM,N,,1,0,0,0,0,0,0,0,0,0,0,0,0,0,0,0,0,0,0,0,0,0,0,0,0,0,0,0,0,0,0,0,0,0,0,0,0,0,0,0,0,0,0,0,0,0,0,0,0,0,0,0,0,0,0,0,0,0,0,0,0,0,0,0,0,0,0,0,0,0,0,0,0,0,0,0,0,0,0,0,0,0,0,0,0,0,0,0,0,0,0,0,0,0,0,0,0,0,0,0,0,0,0,0,0,0,0,0,0,0,0,0,0,0,0,0,0,0,0,0,0,0,0,0,0,0,0,0
83,Cynodon plectostachyus cv. Estrela-branca,estrela-branca,graminea,perene,0.6,2.0,estolonifero,leste da africa,600,1200,NA,NA,alta,NA,baixa,baixa,1,0,0,0,0,0,0,0,0,1,1,0,0,0,1,0,0,0,0,0,moderada,5.0,7.5,moderada,alta,boa,arenoso,alta,baixa,0.8,1.8,14.3 ,26.8 ,9.64,>12,alta,NA,NA,alta,alta,alta,1,0,0,1,0,0,0,0,0,0,0,0,0,0,0,1,0,0,0,0,0,0,0,0,0,0,0,0,0,0,0,0,0,0,0,0,0,0,0,0,0,0,0,0,0,0,0,0,0,0,0,0,0,0,0,0,0,0,0,0,0,0,0,0,1,0,0,0,0,0,0,0,0,0,0,0,0,0,0,0,0,0,0,0,0,0,0,0,0,0,0,0,0,0,0,0,0,0,0,0,0,0,0,0,0,0,0,0,0,0,0,0,0,0,0,0,0,0,0,0,0,0,0,0,0,0,0,0
84,Hyparrhenia rufa,capim-jaraguá,graminea,perene,1.5,3.0,cespitoso,africa do sul,600,NA,15,35,alta,moderada,baixa a media,NA,1,1,1,0,0,0,0,0,0,1,1,0,0,0,1,0,0,0,0,0,baixa,4.5,6.5,baixa,media,boa,arenoso-medio,alta,baixa,1.0,2.0,"0,745","4,224",2.0,9.24, 60.4,NA,NA,alta,alta,boa,1,1,0,0,0,0,0,0,0,0,0,0,0,0,0,0,0,0,0,0,0,0,0,0,0,0,0,0,0,0,0,0,0,0,0,0,0,0,0,0,0,0,0,0,0,0,0,0,0,0,0,0,0,1,0,0,0,0,0,0,0,0,0,0,0,0,0,0,0,0,0,0,0,0,0,0,0,0,0,0,0,0,0,0,0,0,0,0,0,0,0,0,0,0,0,0,0,0,0,0,0,0,0,0,0,0,0,0,0,0,0,0,0,0,0,0,0,0,0,0,0,0,0,0,0,0,0,0
85,Megathyrsus maximus,capim-colonião,graminea,perene,1.0,3.0,cespitoso,Africa  Tropical,650,3000,15,35,NA,baixa,baixa,moderada,1,1,0,0,0,0,0,0,0,0,0,0,0,0,0,0,0,0,0,0,media,4.5,7.5,media,media a alta,bem drenado,medio,alta,baixa,0.8,1.5,NA,NA,8.0,15.9,61.6,NA,NA,alta,alta,NA,0,1,0,0,0,0,0,0,0,0,0,0,0,0,0,1,0,0,0,0,0,0,0,0,0,0,0,0,0,0,0,0,0,0,0,0,0,0,0,0,0,0,0,0,0,0,0,0,0,0,0,0,0,1,0,0,0,0,0,0,0,0,0,0,0,0,0,0,0,0,0,0,0,0,0,0,0,0,0,0,0,0,0,0,0,0,0,0,0,0,0,0,0,0,0,0,0,0,0,0,0,0,0,0,0,0,0,0,0,0,0,0,0,0,0,0,0,0,0,0,0,0,0,0,0,0,0,0
86,Melinis minutiflora,capim-gordura,graminea,perene,0.6,1.5,cespitoso,Africa  Tropical,750,2000,14,27,media,baixa,NA,NA,1,0,1,0,0,0,1,0,0,1,1,0,0,1,1,0,0,0,0,0,alta,4.5,6.5,alta,baixa,boa,arenoso,alta,baixa,0.8,1.5,"3,6","4,2",3.3,8.3,48.17,NA,40,media,lenta,alta,1,0,0,0,0,0,0,0,0,0,0,0,0,0,0,1,0,0,0,0,0,0,0,0,0,0,0,0,0,0,0,0,0,0,0,0,0,0,0,0,0,0,0,0,0,0,0,0,0,0,0,0,0,0,0,0,0,0,0,0,0,0,0,0,0,0,0,0,0,0,0,0,0,0,0,0,0,0,0,0,0,0,0,0,0,0,0,0,0,0,0,0,0,0,0,0,0,0,0,0,0,0,0,0,0,0,0,0,0,0,0,0,0,0,0,0,0,0,0,0,0,0,0,0,0,0,0,0
87,Paspalum notatum,grama-batatais,graminea,perene,0.2,0.6,rizomatosa,America do Sul,700,1500,17,25,alta,moderada,moderada,baixa,1,1,1,0,0,0,1,0,0,1,1,0,0,1,1,0,0,0,0,0,alta,4.5,6.5,moderada,baixa,solos mais secos,amplo,sim,sim,0.4,1.0,3,24,5.8,14.5,NA,NA,NA,alta,NA,alta,0,1,0,0,0,0,0,0,0,0,0,0,0,0,0,0,0,0,0,0,0,1,0,0,0,0,0,0,0,0,0,0,0,0,0,0,0,0,0,0,0,0,0,0,0,0,0,0,0,0,0,0,0,0,0,0,0,0,0,0,0,0,0,0,0,0,0,0,0,0,0,0,0,0,0,0,0,0,0,0,0,0,0,0,0,0,0,0,0,0,0,0,0,0,0,0,0,0,0,0,0,0,0,0,0,0,0,0,0,0,0,0,0,0,0,0,0,0,0,0,0,0,0,0,0,0,0,0
88,Paspalum plicatulum,pasto negro,graminea,perene,0.4,1.2,"cespitoso, entouceirado, estival",Estados Unidos e America do Sul,760,3500,6,23,moderada,alta,moderada,baixa,1,1,1,0,0,0,1,0,0,0,0,0,0,1,1,0,0,0,0,0,alta,4.5,6.5,moderada,baixa,mal ou bem drenados,arenosos ate duros e argilosos,sim,sim,0.8,1.5,8,24,5,22,70,NA,NA,alta,alta,alta,0,1,0,0,0,0,0,0,0,0,0,0,0,0,0,0,0,0,0,0,0,0,0,0,0,0,0,0,0,0,0,0,0,0,0,0,0,0,0,0,0,0,0,0,0,0,0,0,0,0,0,0,0,0,0,0,1,0,0,0,0,0,0,0,0,0,0,0,0,0,0,0,0,0,0,0,0,0,0,0,0,0,0,0,0,0,0,0,0,0,0,0,0,0,0,0,0,0,0,0,0,0,0,0,0,0,0,0,0,0,0,0,0,0,0,0,0,0,0,0,0,0,0,0,0,0,0,0
90,Urochloa mutica cv. Capim-Angola,capim-angola,graminea,perene,0.5,2.5,estolonifero,Africa,1200,NA,NA,NA,NA,alta,NA,NA,1,1,0,0,0,0,0,0,0,0,0,0,0,0,0,0,0,0,0,0,alta,5.0,7.5,moderada,media-alta,prefere solos umidos e encharcados,medio-argiloso,alta,baixa,1.0,2.0,7.180,28.500,6.19,13.5,40.8,NA,NA,alta,NA,alta,1,0,0,0,0,0,0,0,0,0,0,0,0,0,0,1,0,0,0,0,0,0,0,0,0,0,0,0,0,0,0,0,0,0,0,0,0,0,0,0,0,0,,0,0,0,0,0,0,0,0,0,0,1,0,0,0,0,0,0,0,0,0,0,0,0,0,0,0,0,0,0,0,0,0,0,0,0,0,0,0,0,0,0,0,0,0,0,0,0,0,0,0,0,0,0,0,0,0,0,0,0,0,0,0,0,0,0,0,0,0,0,0,0,0,0,0,0,0,0,0,0,0,0,0,0,0,0
91,Urochloa radicans,tanner grass / braquiária do brejo,graminea,perene,0.3,1.5,estolonifera e rizomatosa,NA,NA,NA,NA,NA,NA,alta,NA,N,1,0,0,0,0,0,0,0,0,0,0,0,0,0,0,0,0,0,0,0,alta,4.5,7.0,moderada,alta,tolera solos encharcados,arenoso-medio,alta,baixa,0.8,1.5,12.000,19.100,5.8,15.1,61,NA,NA,NA,NA,NA,0,1,0,0,0,0,0,0,0,0,0,0,0,0,0,0,0,0,0,0,0,0,0,0,0,0,0,0,0,0,0,0,0,0,0,0,0,0,0,0,0,0,0,0,0,0,0,0,0,0,0,0,0,0,0,0,0,0,0,0,0,0,0,0,0,0,0,0,0,0,0,0,0,0,0,0,0,0,0,0,0,0,0,0,0,0,0,0,0,0,0,0,0,0,0,0,0,0,0,0,0,0,0,0,0,0,0,0,0,0,0,0,0,0,0,0,0,0,0,0,0,0,0,0,0,0,0,0
92,Cynodon sp.(Coast-cross),Cynodon,graminea,perene,0.4,0.9,estolonifero,Africa,635,1700,-2,21,alta,NA,moderada,NA,1,0,1,0,0,0,0,0,0,0,0,0,0,0,0,0,0,0,0,0,moderada,5.0,7.5,moderada,alta,bem drenado,medio-argiloso,sim,NA,0.60,1.2,12,20,9,15,60,50,90,alta,alta,media,1,0,0,0,1,0,0,0,0,0,0,0,0,0,0,1,0,0,0,0,0,1,0,0,0,0,0,0,0,0,0,0,0,0,0,0,0,0,0,0,0,0,0,0,0,0,0,0,0,0,0,0,0,0,0,0,0,0,0,0,0,0,0,0,0,0,0,0,0,0,0,0,0,0,0,0,0,0,0,0,0,0,0,0,0,0,0,0,0,0,0,0,0,0,0,0,0,0,0,0,0,0,0,0,0,0,0,0,0,0,0,0,1,0,0,0,0,0,0,0,0,0,0,0,0,0,0,0
93,Cynodon sp.(Tifton 68),Cynodon,graminea,perene,0.8,1.5,estolonifero,Africa,635,1700,-2,21,alta,NA,moderada,NA,1,0,1,0,0,0,0,0,0,0,0,0,0,0,0,0,0,0,0,0,moderada,5.0,7.5,moderada,alta,bem drenado,ampla adaptação textural,sim,NA,0.8,1.5,15,25,10,16,62,60,100,alta,muito alta,media,1,0,0,0,1,0,0,0,0,0,0,0,0,0,0,1,0,0,0,0,0,1,0,0,0,0,0,0,0,0,0,0,0,0,0,0,0,0,0,0,0,0,0,0,0,0,0,0,0,0,0,0,0,0,0,0,0,0,0,0,0,0,0,0,0,0,0,0,0,0,0,0,0,0,0,0,0,0,0,0,0,0,0,0,0,0,0,0,0,0,0,0,0,0,0,0,0,0,0,0,0,0,0,0,0,0,0,0,0,0,0,0,1,0,0,0,0,0,0,0,0,0,0,0,0,0,0,0
94,Cynodon sp.(Tifton 85),Cynodon,graminea,perene,0.8,1.6,estolonifero,Africa,635,1700,-2,21,alta,NA,moderada,NA,1,0,1,0,0,0,0,0,0,0,0,0,0,0,0,0,0,0,0,0,moderada,5.0,7.5,moderada,alta,bem drenado,medio-argiloso,sim,NA,1.0,2.2,18,30,12,18,65,70,120,muito alta,muito alta,muito alta,1,0,0,0,1,0,0,0,0,0,0,0,0,0,0,1,0,0,0,0,0,1,0,0,0,0,0,0,0,0,0,0,0,0,0,0,0,0,0,0,0,0,0,0,0,0,0,0,0,0,0,0,0,0,0,0,0,0,0,0,0,0,0,0,0,0,0,0,0,0,0,0,0,0,0,0,0,0,0,0,0,0,0,0,0,0,0,0,0,0,0,0,0,0,0,0,0,0,0,0,0,0,0,0,0,0,0,0,0,0,0,0,1,0,0,0,0,0,0,0,0,0,0,0,0,0,0,0
95,Cynodon sp.(Tifton 44),Cynodon,graminea,perene,0.5,1.1,estolonifero,Africa,635,1700,-2,21,alta,NA,moderada,NA,1,0,1,0,0,0,0,0,0,0,0,0,0,0,0,0,0,0,0,0,moderada,5.0,7.5,moderada,alta,bem drenado,ampla adaptação textural,sim,NA,0.8,1.5,10,18,9,14,58,40,80,muito alta,alta,muito alta,1,0,0,0,1,0,0,0,0,0,0,0,0,0,0,1,0,0,0,0,0,1,0,0,0,0,0,0,0,0,0,0,0,0,0,0,0,0,0,0,0,0,0,0,0,0,0,0,0,0,0,0,0,0,0,0,0,0,0,0,0,0,0,0,0,0,0,0,0,0,0,0,0,0,0,0,0,0,0,0,0,0,0,0,0,0,0,0,0,0,0,0,0,0,0,0,0,0,0,0,0,0,0,0,0,0,0,0,0,0,0,0,1,0,0,0,0,0,0,0,0,0,0,0,0,0,0,0
96,Cynodon sp.(Tifton 78),Cynodon,graminea,perene,0.6,1.2,estolonifero,Africa,635,1700,-2,21,alta,NA,moderada,NA,1,0,1,0,0,0,0,0,0,0,0,0,0,0,0,0,0,0,0,0,moderada,5.0,7.5,moderada,alta,bem drenado,ampla adaptação textural,sim,NA,0.7,1.3,14,22,10,15,60,55,95,alta,alta,alta,1,0,0,0,1,0,0,0,0,0,0,0,0,0,0,1,0,0,0,0,0,1,0,0,0,0,0,0,0,0,0,0,0,0,0,0,0,0,0,0,0,0,0,0,0,0,0,0,0,0,0,0,0,0,0,0,0,0,0,0,0,0,0,0,0,0,0,0,0,0,0,0,0,0,0,0,0,0,0,0,0,0,0,0,0,0,0,0,0,0,0,0,0,0,0,0,0,0,0,0,0,0,0,0,0,0,0,0,0,0,0,0,1,0,0,0,0,0,0,0,0,0,0,0,0,0,0,0
97,Cynodon sp.(Florakirk),Cynodon,graminea,perene,0.6,1.2,estolonifero,Africa,635,1700,-2,21,alta,NA,moderada,NA,1,0,1,0,0,0,0,0,0,0,0,0,0,0,0,0,0,0,0,0,moderada,5.0,7.5,moderada,alta,bem drenado,ampla adaptação textural,sim,NA,0.60,1.2,12,20,9,14,58,50,85,alta,alta,alta,1,0,0,0,1,0,0,0,0,0,0,0,0,0,0,1,0,0,0,0,0,1,0,0,0,0,0,0,0,0,0,0,0,0,0,0,0,0,0,0,0,0,0,0,0,0,0,0,0,0,0,0,0,0,0,0,0,0,0,0,0,0,0,0,0,0,0,0,0,0,0,0,0,0,0,0,0,0,0,0,0,0,0,0,0,0,0,0,0,0,0,0,0,0,0,0,0,0,0,0,0,0,0,0,0,0,0,0,0,0,0,0,1,0,0,0,0,0,0,0,0,0,0,0,0,0,0,0
98,Cynodon sp.(Jiggs),Cynodon,graminea,perene,0.8,1.5,estolonifero,Africa,635,1700,-2,21,alta,NA,moderada,NA,1,0,1,0,0,0,0,0,0,0,0,0,0,0,0,0,0,0,0,0,moderada,5.0,7.5,moderada,alta,tolera solos mal drenados,medio-argiloso,sim,NA,0.8,1.5,15,25,10,16,62,60,100,muito alta,muito alta,muito alta,1,0,0,0,1,0,0,0,0,0,0,0,0,0,0,1,0,0,0,0,0,1,0,0,0,0,0,0,0,0,0,0,0,0,0,0,0,0,0,0,0,0,0,0,0,0,0,0,0,0,0,0,0,0,0,0,0,0,0,0,0,0,0,0,0,0,0,0,0,0,0,0,0,0,0,0,0,0,0,0,0,0,0,0,0,0,0,0,0,0,0,0,0,0,0,0,0,0,0,0,0,0,0,0,0,0,0,0,0,0,0,0,1,0,0,0,0,0,0,0,0,0,0,0,0,0,0,0
99,Cynodon sp.(Alicia),Cynodon,graminea,perene,0.4,1.0,estolonifero,Africa,635,1700,-2,21,alta,NA,moderada,NA,1,0,1,0,0,0,0,0,0,0,0,0,0,0,0,0,0,0,0,0,moderada,5.0,7.5,moderada,alta,bem drenado,medio,sim,NA,0.6,1.2,8,16,8,13,55,35,70,media,media,media,1,0,0,0,1,0,0,0,0,0,0,0,0,0,0,1,0,0,0,0,0,1,0,0,0,0,0,0,0,0,0,0,0,0,0,0,0,0,0,0,0,0,0,0,0,0,0,0,0,0,0,0,0,0,0,0,0,0,0,0,0,0,0,0,0,0,0,0,0,0,0,0,0,0,0,0,0,0,0,0,0,0,0,0,0,0,0,0,0,0,0,0,0,0,0,0,0,0,0,0,0,0,0,0,0,0,0,0,0,0,0,0,1,0,0,0,0,0,0,0,0,0,0,0,0,0,0,0
100,Cynodon sp.(Brazos),Cynodon,graminea,perene,0.4,1.0,estolonifero,Africa,635,1700,-2,21,alta,NA,moderada,NA,1,0,1,0,0,0,0,0,0,0,0,0,0,0,0,0,0,0,0,0,moderada,5.0,7.5,moderada,alta,bem drenado,medio,sim,NA,0.6,1.2,8,15,8,13,55,35,65,media,media,media,1,0,0,0,1,0,0,0,0,0,0,0,0,0,0,1,0,0,0,0,0,1,0,0,0,0,0,0,0,0,0,0,0,0,0,0,0,0,0,0,0,0,0,0,0,0,0,0,0,0,0,0,0,0,0,0,0,0,0,0,0,0,0,0,0,0,0,0,0,0,0,0,0,0,0,0,0,0,0,0,0,0,0,0,0,0,0,0,0,0,0,0,0,0,0,0,0,0,0,0,0,0,0,0,0,0,0,0,0,0,0,0,1,0,0,0,0,0,0,0,0,0,0,0,0,0,0,0
101,Megathyrsus maximus cv. Mombaça,mombaça,graminea,perene,0.9,1.8,cespitoso,África tropical,900,1800,18,35,NA,baixa,baixa,baixa,1,0,0,0,0,0,0,0,0,0,0,0,0,0,0,0,0,0,0,0,moderada,4.5,7.0,moderada,alta,bem drenado,medio-argiloso,moderado,baixo,0.8,1.2,20,35,8,14,62,70,120,alta,muito alta,alta,1,1,0,1,1,0,0,0,0,0,0,1,0,0,0,1,0,0,0,0,0,0,0,0,0,0,0,0,0,0,0,0,0,0,0,0,0,0,0,0,0,0,0,0,0,0,0,0,0,0,0,0,0,1,0,0,0,0,0,0,0,0,0,0,0,0,0,0,0,0,0,0,0,0,0,0,0,0,0,0,0,0,0,0,0,0,0,0,0,0,0,0,0,0,0,0,0,0,0,0,0,0,0,0,0,0,0,0,0,0,0,0,1,0,0,0,0,0,0,0,0,0,0,0,0,0,0,0
102,Megathyrsus maximus cv. Massai,Massai ,graminea,perene,0.5,1.2,cespitoso,África tropical,700,1500,18,35,NA,baixa,baixa,baixa,1,0,0,0,0,0,0,0,0,0,0,0,0,0,0,0,0,0,0,0,alta,4.5,6.5,alta,media,bem drenado,leve-medio,alta,baixo,0.8,1.2,15,25,8,12,58,55,95,muito alta,muito alta,muito alta,1,1,1,1,1,0,0,0,0,0,0,1,0,0,0,1,0,0,0,0,0,0,0,0,0,0,0,0,0,0,0,0,0,0,0,0,0,0,0,0,0,0,0,0,0,0,0,0,0,0,0,0,0,1,0,0,0,0,0,0,0,0,0,0,0,0,0,0,0,0,0,0,0,0,0,0,0,0,0,0,0,0,0,0,0,0,0,0,0,0,0,0,0,0,0,0,0,0,0,0,0,0,0,0,0,0,0,0,0,0,0,0,1,0,0,0,0,0,0,0,0,0,0,0,0,0,0,0
103,Megathyrsus maximus cv. Aruana,Aruana,graminea,perene,0.6,1.4,cespitoso,África tropical,800,1600,15,32,NA,baixa,moderada,moderada,1,0,1,0,0,0,0,0,0,0,0,0,0,0,0,0,0,0,0,0,moderada,4.5,7.0,moderada,media,bem drenado,leve-medio,moderado,baixo,0.8,1.2,12,20,10,16,65,45,80,alta,muito alta,alta,1,1,1,1,1,0,0,0,0,0,0,1,0,0,0,1,0,0,0,0,0,0,0,0,0,0,0,0,0,0,0,0,0,0,0,0,0,0,0,0,0,0,0,0,0,0,0,0,0,0,0,0,0,1,0,0,0,0,0,0,0,0,0,0,0,0,0,0,0,0,0,0,0,0,0,0,0,0,0,0,0,0,0,0,0,0,0,0,0,0,0,0,0,0,0,0,0,0,0,0,0,0,0,0,0,0,0,0,0,0,0,0,1,0,0,0,0,0,0,0,0,0,0,0,0,0,0,0
104,Megathyrsus maximus cv. Zuri,Zuri,graminea,perene,0.9,1.7,cespitoso,África tropical,900,1800,18,35,NA,baixa,baixa,baixa,1,0,0,0,0,0,0,0,0,0,0,0,0,0,0,0,0,0,0,0,moderada,4.5,6.8,moderada,alta,bem drenado,medio-argiloso,moderado,baixo,0.8,1.2,18,32,10,15,65,65,110,alta,muito alta,alta,1,1,0,1,1,0,0,0,0,0,0,1,0,0,0,1,0,0,0,0,0,0,0,0,0,0,0,0,0,0,0,0,0,0,0,0,0,0,0,0,0,0,0,0,0,0,0,0,0,0,0,0,0,1,0,0,0,0,0,0,0,0,0,0,0,0,0,0,0,0,0,0,0,0,0,0,0,0,0,0,0,0,0,0,0,0,0,0,0,0,0,0,0,0,0,0,0,0,0,0,0,0,0,0,0,0,0,0,0,0,0,0,1,0,0,0,0,0,0,0,0,0,0,0,0,0,0,0
105,Megathyrsus maximus cv. Tamani,Tamani,graminea,perene,0.4,0.9,cespitoso baixo,África tropical,800,1600,18,35,NA,baixa,baixa,moderada,1,0,0,0,0,0,0,0,0,0,0,0,0,0,0,0,0,0,0,0,moderada,4.5,6.8,moderada,media,bem drenado,medio,moderado,baixo,0.8,1.2,12,22,12,18,68,40,75,muito alta,muito alta,muito alta,1,1,1,1,1,0,0,0,0,0,0,1,0,0,0,1,0,0,0,0,0,0,0,0,0,0,0,0,0,0,0,0,0,0,0,0,0,0,0,0,0,0,0,0,0,0,0,0,0,0,0,0,0,1,0,0,0,0,0,0,0,0,0,0,0,0,0,0,0,0,0,0,0,0,0,0,0,0,0,0,0,0,0,0,0,0,0,0,0,0,0,0,0,0,0,0,0,0,0,0,0,0,0,0,0,0,0,0,0,0,0,0,1,0,0,0,0,0,0,0,0,0,0,0,0,0,0,0
106,Megathyrsus maximus cv. Quenia,Quenia,graminea,perene,0.8,1.6,cespitoso,África tropical,900,1700,18,35,NA,baixa,baixa,baixa,1,0,0,0,0,0,0,0,0,0,0,0,0,0,0,0,0,0,0,0,moderada,4.5,6.8,moderada,alta,bem drenado,medio-argiloso,moderado,baixo,0.8,1.2,18,30,10,15,64,60,105,alta,muito alta,alta,1,1,0,1,1,0,0,0,0,0,0,1,0,0,0,1,0,0,0,0,0,0,0,0,0,0,0,0,0,0,0,0,0,0,0,0,0,0,0,0,0,0,0,0,0,0,0,0,0,0,0,0,0,1,0,0,0,0,0,0,0,0,0,0,0,0,0,0,0,0,0,0,0,0,0,0,0,0,0,0,0,0,0,0,0,0,0,0,0,0,0,0,0,0,0,0,0,0,0,0,0,0,0,0,0,0,0,0,0,0,0,0,1,0,0,0,0,0,0,0,0,0,0,0,0,0,0,0
107,Urochloa brizantha cv. Marundu,Marundu,graminea,perene,0.8,1.5,cespitoso,África tropical,800,1600,18,34,NA,baixa,moderada,moderada,1,0,1,0,0,0,0,0,0,0,0,0,0,0,0,0,0,0,0,0,alta,4.0,6.5,alta,media,bem drenado,medio-argiloso,alta,moderado,1.0,1.5,12,25,7,12,58,45,85,muito alta,alta,muito alta,1,1,1,1,1,0,0,0,0,0,0,1,0,0,0,1,0,0,0,0,0,0,0,0,0,0,0,0,0,0,0,0,0,0,0,0,0,0,0,0,0,0,0,0,0,0,0,0,0,0,0,0,0,1,0,0,0,0,0,0,0,0,0,0,0,0,0,0,0,0,0,0,0,0,0,0,0,0,0,0,0,0,0,0,0,0,0,0,0,0,0,0,0,0,0,0,0,0,0,0,0,0,0,0,0,0,0,0,0,0,0,0,1,0,0,0,0,0,0,0,0,0,0,0,0,0,0,0
108,Urochloa brizantha cv. Paiaguás,Paiaguás,graminea,perene,0.7,1.4,cespitoso,África tropical,600,1400,18,35,NA,baixa,baixa,baixa,1,0,0,0,0,0,0,0,0,0,0,0,0,0,0,0,0,0,0,0,alta,4.2,6.5,alta,baixa,bem drenado,medio,alta,moderado,1.0,1.5,10,22,7,12,58,40,75,muito alta,alta,muito alta,1,1,1,1,1,0,0,0,0,0,0,1,0,0,0,1,0,0,0,0,0,0,0,0,0,0,0,0,0,0,0,0,0,0,0,0,0,0,0,0,0,0,0,0,0,0,0,0,0,0,0,0,0,1,0,0,0,0,0,0,0,0,0,0,0,0,0,0,0,0,0,0,0,0,0,0,0,0,0,0,0,0,0,0,0,0,0,0,0,0,0,0,0,0,0,0,0,0,0,0,0,0,0,0,0,0,0,0,0,0,0,0,1,0,0,0,0,0,0,0,0,0,0,0,0,0,0,0
109,Urochloa brizantha cv. MG-5 Vitória,MG-5 Vitória,graminea,perene,0.8,1.6,cespitoso,África tropical,800,1600,18,34,NA,baixa,moderada,moderada,1,0,0,0,0,0,0,0,0,0,0,0,0,0,0,0,0,0,0,0,alta,4.5,6.5,alta,media,bem drenado,medio-argiloso,alta,moderado,1.0,1.5,12,26,8,13,60,45,90,muito alta,alta,muito alta,1,1,1,1,1,0,0,0,0,0,0,1,0,0,0,1,0,0,0,0,0,0,0,0,0,0,0,0,0,0,0,0,0,0,0,0,0,0,0,0,0,0,0,0,0,0,0,0,0,0,0,0,0,1,0,0,0,0,0,0,0,0,0,0,0,0,0,0,0,0,0,0,0,0,0,0,0,0,0,0,0,0,0,0,0,0,0,0,0,0,0,0,0,0,0,0,0,0,0,0,0,0,0,0,0,0,0,0,0,0,0,0,1,0,0,0,0,0,0,0,0,0,0,0,0,0,0,0
110,Urochloa humidicola cv. Llanero,Llanero,graminea,perene,0.4,1.0,estolonífero-rizomatoso,África tropical,1000,2000,20,35,NA,alta,baixa,moderada,0,0,0,0,0,0,0,0,0,0,0,0,0,0,0,0,1,0,0,0,alta,4.0,6.0,alta,baixa,tolera encharcamento,argiloso-hidromorfico,alta,alto,0.8,1.2,10,18,6,10,55,35,65,muito alta,alta,muito alta,1,1,1,1,1,0,0,0,0,0,0,1,0,0,0,1,0,0,0,0,0,0,0,0,0,0,0,0,0,0,0,0,0,0,0,0,0,0,0,0,0,0,0,0,0,0,0,0,0,0,0,0,0,0,0,0,0,0,0,0,0,0,0,0,0,0,0,0,0,0,0,0,0,0,0,0,0,0,0,0,0,0,0,0,0,0,0,0,0,0,0,0,0,0,0,0,0,0,0,0,0,0,0,0,0,0,0,0,0,0,0,0,0,0,0,0,0,0,0,0,0,0,0,0,0,0,0,0
111,Urochloa humidicola cv. Tupi,Tupi,graminea,perene,0.4,1.1,estolonífero-rizomatoso,África tropical,1000,2000,20,35,NA,alta,baixa,moderada,0,0,0,0,0,0,0,0,0,0,0,0,0,0,0,0,1,0,0,0,alta,4.0,6.0,alta,baixa,tolera encharcamento,argiloso-hidromorfico,alta,alto,0.8,1.2,10,20,6,10,55,35,70,muito alta,alta,muito alta,1,1,1,1,1,0,0,0,0,0,0,1,0,0,0,1,0,0,0,0,0,0,0,0,0,0,0,0,0,0,0,0,0,0,0,0,0,0,0,0,0,0,0,0,0,0,0,0,0,0,0,0,0,0,0,0,0,0,0,0,0,0,0,0,0,0,0,0,0,0,0,0,0,0,0,0,0,0,0,0,0,0,0,0,0,0,0,0,0,0,0,0,0,0,0,0,0,0,0,0,0,0,0,0,0,0,0,0,0,0,0,0,0,0,0,0,0,0,0,0,0,0,0,0,0,0,0,0
113,Cenchrus purpureus cv. BRS Capiaçu,BRS Capiaçu,graminea,perene,2.5,4.0,cespitoso,África tropical,1000,2500,20,38,NA,moderada,baixa,moderada,0,0,0,0,0,0,0,0,0,0,0,0,0,0,0,0,1,0,0,0,moderada,5.2,6.8,baixa,alta,bem drenado,medio-argiloso,moderado,baixo,0.8,1.2,35,60,6,10,55,120,250,media,muito alta,alta,0,1,0,1,1,0,0,0,0,0,0,1,0,0,0,1,0,0,0,0,0,0,0,0,0,0,0,0,0,0,0,0,0,0,0,0,0,0,0,0,0,0,0,0,0,0,0,0,0,0,0,0,0,0,0,0,0,0,0,0,0,0,0,0,0,0,0,0,0,0,0,0,0,0,0,0,0,0,0,0,0,0,0,0,0,0,0,0,0,0,0,0,0,0,0,0,0,0,0,0,0,0,0,0,0,0,0,0,0,0,0,0,1,0,0,0,0,0,0,0,0,0,0,0,0,0,0,0
114,Cenchrus purpureus cv. BRS Kurumi,BRS Kurumi,graminea,perene,0.8,1.5,cespitoso,África tropical,900,2000,20,35,NA,moderada,baixa,moderada,1,0,0,0,0,0,0,0,0,0,0,0,0,0,0,0,0,0,0,0,moderada,5.0,7.5,baixa,alta,bem drenado,medio-argiloso,moderado,baixo,0.8,1.2,20,35,10,18,65,70,140,muito alta,muito alta,alta,1,1,0,1,1,0,0,0,0,0,0,1,0,0,0,1,0,0,0,0,0,0,0,0,0,0,0,0,0,0,0,0,0,0,0,0,0,0,0,0,0,0,0,0,0,0,0,0,0,0,0,0,0,1,0,0,0,0,0,0,0,0,0,0,0,0,0,0,0,0,0,0,0,0,0,0,0,0,0,0,0,0,0,0,0,0,0,0,0,0,0,0,0,0,0,0,0,0,0,0,0,0,0,0,0,0,0,0,0,0,0,0,1,0,0,0,0,0,0,0,0,0,0,0,0,0,0,0
115,Stylosanthes capitata cv. BRS Bela,BRS Bela,leguminosa,perene,0.3,1.0,semi-ereto,América do Sul,600,1500,20,35,NA,baixa,baixa,moderada,1,0,0,0,0,0,0,0,0,0,0,0,0,0,0,0,0,0,0,0,alta,4.0,6.0,alta,baixa,bem drenado,leve-medio,alta,moderado,1.0,1.5,6,12,14,20,70,20,45,alta,alta,alta,1,1,1,1,1,0,0,0,0,0,0,1,0,0,0,0,0,0,0,0,0,0,0,0,0,0,0,0,0,0,0,0,0,0,0,0,0,0,0,0,0,0,0,0,0,0,0,0,0,0,0,0,0,0,0,0,0,0,0,0,0,0,0,0,0,0,0,0,0,0,0,0,0,0,0,0,0,0,0,0,0,0,0,0,0,0,0,0,0,0,0,0,0,0,0,0,0,0,1,0,0,0,0,0,0,0,0,0,0,0,0,0,0,0,0,0,0,0,0,0,0,0,0,0,0,0,0,0
116,Stylosanthes macrocephala cv. Campo Grande,Campo Grande,leguminosa,perene,0.4,1.2,semi-ereto,América do Sul,600,1500,20,35,NA,baixa,baixa,moderada,1,0,0,0,0,0,0,0,0,0,0,0,0,0,0,0,0,0,0,0,alta,4.5,6.0,alta,baixa,bem drenado,leve-medio,alta,moderado,1.0,1.5,6,14,14,22,70,20,50,alta,alta,alta,1,1,1,1,1,0,0,0,0,0,0,1,0,0,0,0,0,0,0,0,0,0,0,0,0,0,0,0,0,0,0,0,0,0,0,0,0,0,0,0,0,0,0,0,0,0,0,0,0,0,0,0,0,0,0,0,0,0,0,0,0,0,0,0,0,0,0,0,0,0,0,0,0,0,0,0,0,0,0,0,0,0,0,0,0,0,0,0,0,0,0,0,0,0,0,0,0,0,1,0,0,0,0,0,0,0,0,0,0,0,0,0,0,0,0,0,0,0,0,0,0,0,0,0,0,0,0,0
117,Arachis pintoi cv.Mandobi,Mandobi,leguminosa,perene,0.1,0.3,prostrado estolonífero,América do Sul,1200,2500,18,30,NA,moderada,moderada,alta,0,0,0,0,0,0,0,0,0,0,0,0,0,0,0,0,1,0,0,0,moderada,4.5,6.5,moderada,media,bem drenado a umido,leve-argiloso,alta,moderado,0.3,0.6,4,10,18,25,75,15,35,muito alta,muito alta,muito alta,1,1,1,1,1,0,0,0,0,0,0,1,0,0,0,0,0,0,0,0,0,0,0,0,0,0,0,0,0,0,0,0,0,0,0,0,0,0,0,0,0,0,0,0,0,0,0,0,0,0,0,0,0,0,0,0,0,0,0,0,0,0,0,0,0,0,0,0,0,0,0,0,0,0,0,0,0,0,0,0,0,0,0,0,0,0,0,0,0,0,0,0,0,0,0,0,0,0,1,0,0,0,0,0,0,0,0,0,0,0,0,0,0,0,0,0,0,0,0,0,0,0,0,0,0,0,0,0
118,Arachis pintoi cv.Belmonte,Belmonte,leguminosa,perene,0.1,0.35,prostrado estolonífero,América do Sul,1200,2500,18,30,NA,moderada,moderada,alta,0,0,0,0,0,0,0,0,0,0,0,0,0,0,0,0,1,0,0,0,moderada,4.5,6.5,moderada,media,bem drenado a umido,leve-argiloso,alta,moderado,0.3,0.6,4,12,18,25,75,15,40,muito alta,muito alta,muito alta,1,1,1,1,1,0,0,0,0,0,0,1,0,0,0,0,0,0,0,0,0,0,0,0,0,0,0,0,0,0,0,0,0,0,0,0,0,0,0,0,0,0,0,0,0,0,0,0,0,0,0,0,0,0,0,0,0,0,0,0,0,0,0,0,0,0,0,0,0,0,0,0,0,0,0,0,0,0,0,0,0,0,0,0,0,0,0,0,0,0,0,0,0,0,0,0,0,0,1,0,0,0,0,0,0,0,0,0,0,0,0,0,0,0,0,0,0,0,0,0,0,0,0,0,0,0,0,0
